PID,day_index,activity_state
P01,1,cycling
P01,1,sedentary
P01,1,walking
P01,1,walking
P01,1,walking
P01,1,walking
P01,1,sedentary
P01,1,sedentary
P01,1,walking
P01,1,walking
P01,1,walking
P01,1,walking
P01,2,sedentary
P01,2,sedentary
P01,2,running
P01,2,running
P01,2,walking
P01,2,walking
P01,2,walking
P01,2,sedentary
P01,2,walking
P01,2,walking
P01,2,walking
P01,3,sedentary
P01,3,sedentary
P01,3,running
P01,3,running
P01,3,sedentary
P01,3,running
P01,3,walking
P01,3,sedentary
P01,3,walking
P01,3,running
P01,3,walking
P01,3,walking
P01,3,walking
P01,4,walking
P01,4,walking
P01,4,running
P01,4,sedentary
P01,4,running
P01,4,running
P01,4,sedentary
P01,4,running
P01,4,walking
P01,4,walking
P01,5,walking
P01,5,sedentary
P01,5,walking
P01,5,running
P01,5,cycling
P01,5,walking
P01,5,sedentary
P01,5,running
P01,5,walking
P01,5,cycling
P01,5,running
P01,6,walking
P01,6,walking
P01,6,running
P01,6,walking
P01,6,walking
P01,6,sedentary
P01,6,sedentary
P01,6,walking
P01,6,walking
P01,6,cycling
P01,7,walking
P01,7,walking
P01,7,cycling
P01,7,cycling
P01,7,walking
P01,8,walking
P01,8,walking
P01,8,running
P01,8,running
P01,8,walking
P01,8,running
P01,8,sedentary
P01,8,running
P01,8,cycling
P01,8,sedentary
P01,8,sedentary
P01,9,sedentary
P01,9,sedentary
P01,9,sedentary
P01,9,walking
P01,9,walking
P01,9,walking
P01,9,walking
P01,9,cycling
P01,9,cycling
P01,9,sedentary
P01,9,walking
P01,9,sedentary
P01,10,sedentary
P01,10,sedentary
P01,10,walking
P01,10,walking
P01,10,walking
P01,10,running
P01,11,cycling
P01,11,walking
P01,11,running
P01,11,walking
P01,11,walking
P01,11,sedentary
P01,11,sedentary
P01,11,walking
P01,12,running
P01,12,sedentary
P01,12,running
P01,12,walking
P01,12,running
P01,12,running
P01,12,cycling
P01,12,cycling
P01,12,walking
P01,12,walking
P01,12,cycling
P01,12,walking
P01,12,walking
P01,12,sedentary
P01,13,walking
P01,13,walking
P01,13,sedentary
P01,13,walking
P01,13,running
P01,13,walking
P01,14,walking
P01,14,running
P01,14,cycling
P01,14,walking
P01,14,walking
P01,15,walking
P01,15,cycling
P01,15,walking
P01,15,cycling
P01,15,running
P01,15,running
P01,15,sedentary
P01,15,walking
P01,15,sedentary
P01,15,walking
P01,15,walking
P01,15,sedentary
P01,15,walking
P01,16,cycling
P01,16,walking
P01,16,walking
P01,16,walking
P01,16,walking
P01,16,cycling
P01,16,walking
P01,16,running
P01,16,running
P01,17,sedentary
P01,17,cycling
P01,17,walking
P01,17,walking
P01,17,walking
P01,17,running
P01,17,walking
P01,17,running
P01,17,running
P01,17,walking
P01,17,sedentary
P01,17,walking
P01,18,walking
P01,18,walking
P01,18,cycling
P01,18,running
P01,18,running
P01,18,walking
P01,18,walking
P01,18,walking
P01,18,sedentary
P01,18,walking
P01,18,walking
P01,18,walking
P01,18,sedentary
P01,19,walking
P01,19,sedentary
P01,19,walking
P01,19,walking
P01,19,running
P01,20,sedentary
P01,20,cycling
P01,20,sedentary
P01,20,cycling
P01,20,cycling
P01,20,sedentary
P01,20,sedentary
P01,20,cycling
P01,20,cycling
P01,20,walking
P01,20,cycling
P01,20,walking
P01,21,sedentary
P01,21,running
P01,21,running
P01,21,walking
P01,21,walking
P01,21,cycling
P01,21,walking
P01,21,walking
P01,21,walking
P01,21,sedentary
P01,21,cycling
P01,22,sedentary
P01,22,walking
P01,22,sedentary
P01,22,walking
P01,22,running
P01,22,walking
P01,22,walking
P01,22,walking
P01,23,running
P01,23,walking
P01,23,walking
P01,23,running
P01,23,sedentary
P01,23,running
P01,23,cycling
P01,23,cycling
P01,23,running
P01,24,sedentary
P01,24,walking
P01,24,running
P01,24,sedentary
P01,24,walking
P01,24,walking
P01,24,walking
P01,24,sedentary
P01,24,walking
P01,24,walking
P01,24,walking
P01,24,walking
P01,24,walking
P01,24,running
P01,25,walking
P01,25,walking
P01,25,walking
P01,25,walking
P01,25,running
P01,25,cycling
P01,25,walking
P01,25,running
P01,25,walking
P01,25,sedentary
P01,25,cycling
P01,25,running
P01,26,sedentary
P01,26,walking
P01,26,walking
P01,26,walking
P01,26,walking
P01,27,sedentary
P01,27,walking
P01,27,running
P01,27,sedentary
P01,27,sedentary
P01,27,cycling
P01,27,sedentary
P01,27,sedentary
P01,27,cycling
P01,27,walking
P01,27,walking
P01,27,sedentary
P01,27,walking
P01,27,sedentary
P01,28,walking
P01,28,walking
P01,28,walking
P01,28,sedentary
P01,28,sedentary
P01,28,sedentary
P01,28,cycling
P01,28,walking
P01,28,running
P01,28,running
P01,28,running
P01,28,walking
P01,28,running
P01,28,running
P01,29,walking
P01,29,sedentary
P01,29,walking
P01,29,walking
P01,29,running
P01,30,sedentary
P01,30,sedentary
P01,30,running
P01,30,walking
P01,30,walking
P01,30,running
P01,30,walking
P01,30,sedentary
P01,30,walking
P01,30,walking
P01,30,sedentary
P01,30,cycling
P01,30,walking
P02,1,walking
P02,1,cycling
P02,1,running
P02,1,walking
P02,1,walking
P02,1,cycling
P02,1,walking
P02,1,sedentary
P02,1,running
P02,1,running
P02,2,sedentary
P02,2,walking
P02,2,cycling
P02,2,running
P02,2,walking
P02,2,sedentary
P02,2,sedentary
P02,3,walking
P02,3,walking
P02,3,walking
P02,3,walking
P02,3,walking
P02,3,sedentary
P02,3,walking
P02,3,cycling
P02,3,walking
P02,3,sedentary
P02,3,sedentary
P02,3,running
P02,4,walking
P02,4,sedentary
P02,4,walking
P02,4,sedentary
P02,4,walking
P02,4,running
P02,4,sedentary
P02,4,walking
P02,4,walking
P02,4,walking
P02,4,walking
P02,5,cycling
P02,5,walking
P02,5,cycling
P02,5,running
P02,5,sedentary
P02,5,walking
P02,5,sedentary
P02,5,running
P02,5,sedentary
P02,5,walking
P02,5,cycling
P02,5,sedentary
P02,5,walking
P02,6,walking
P02,6,sedentary
P02,6,sedentary
P02,6,walking
P02,6,sedentary
P02,6,cycling
P02,6,running
P02,6,walking
P02,7,walking
P02,7,sedentary
P02,7,sedentary
P02,7,sedentary
P02,7,cycling
P02,7,walking
P02,7,sedentary
P02,7,walking
P02,7,walking
P02,7,walking
P02,7,running
P02,7,sedentary
P02,8,walking
P02,8,walking
P02,8,running
P02,8,sedentary
P02,8,walking
P02,8,sedentary
P02,8,running
P02,8,sedentary
P02,8,walking
P02,8,sedentary
P02,8,sedentary
P02,8,walking
P02,8,walking
P02,8,sedentary
P02,9,walking
P02,9,sedentary
P02,9,walking
P02,9,cycling
P02,9,walking
P02,9,walking
P02,9,sedentary
P02,9,walking
P02,9,sedentary
P02,9,walking
P02,9,walking
P02,9,walking
P02,10,cycling
P02,10,running
P02,10,running
P02,10,running
P02,10,walking
P02,10,walking
P02,10,walking
P02,10,walking
P02,10,running
P02,10,running
P02,10,walking
P02,10,sedentary
P02,10,walking
P02,11,sedentary
P02,11,cycling
P02,11,sedentary
P02,11,running
P02,11,walking
P02,11,walking
P02,11,cycling
P02,11,walking
P02,11,walking
P02,11,running
P02,11,walking
P02,11,running
P02,12,running
P02,12,walking
P02,12,sedentary
P02,12,walking
P02,12,running
P02,12,cycling
P02,12,walking
P02,12,sedentary
P02,12,cycling
P02,13,sedentary
P02,13,sedentary
P02,13,walking
P02,13,running
P02,13,walking
P02,13,walking
P02,13,sedentary
P02,13,walking
P02,13,running
P02,13,cycling
P02,13,cycling
P02,13,running
P02,13,walking
P02,14,running
P02,14,walking
P02,14,walking
P02,14,walking
P02,14,walking
P02,15,walking
P02,15,sedentary
P02,15,walking
P02,15,cycling
P02,15,sedentary
P02,15,walking
P02,15,cycling
P02,15,sedentary
P02,15,walking
P02,15,sedentary
P02,16,sedentary
P02,16,walking
P02,16,running
P02,16,cycling
P02,16,sedentary
P02,16,cycling
P02,16,sedentary
P02,16,walking
P02,16,sedentary
P02,16,walking
P02,16,sedentary
P02,16,running
P02,16,sedentary
P02,17,running
P02,17,walking
P02,17,walking
P02,17,walking
P02,17,cycling
P02,17,running
P02,17,cycling
P02,17,running
P02,17,cycling
P02,17,walking
P02,17,running
P02,17,cycling
P02,17,sedentary
P02,17,walking
P02,18,walking
P02,18,walking
P02,18,cycling
P02,18,walking
P02,18,running
P02,18,running
P02,18,walking
P02,19,cycling
P02,19,walking
P02,19,walking
P02,19,walking
P02,19,running
P02,19,sedentary
P02,19,cycling
P02,20,walking
P02,20,walking
P02,20,walking
P02,20,sedentary
P02,20,walking
P02,20,sedentary
P02,20,running
P02,20,walking
P02,20,cycling
P02,20,running
P02,20,sedentary
P02,20,sedentary
P02,21,cycling
P02,21,sedentary
P02,21,walking
P02,21,walking
P02,21,walking
P02,21,running
P02,21,sedentary
P02,21,walking
P02,21,sedentary
P02,21,walking
P02,22,cycling
P02,22,walking
P02,22,running
P02,22,walking
P02,22,walking
P02,22,walking
P02,22,walking
P02,22,walking
P02,22,running
P02,22,running
P02,22,cycling
P02,23,walking
P02,23,walking
P02,23,sedentary
P02,23,walking
P02,23,cycling
P02,23,walking
P02,23,sedentary
P02,23,walking
P02,23,sedentary
P02,23,running
P02,23,walking
P02,24,walking
P02,24,walking
P02,24,walking
P02,24,cycling
P02,24,walking
P02,24,walking
P02,24,running
P02,25,walking
P02,25,walking
P02,25,walking
P02,25,cycling
P02,25,walking
P02,26,sedentary
P02,26,cycling
P02,26,walking
P02,26,sedentary
P02,26,running
P02,26,running
P02,26,walking
P02,26,sedentary
P02,26,walking
P02,27,sedentary
P02,27,walking
P02,27,walking
P02,27,running
P02,27,sedentary
P02,27,walking
P02,27,running
P02,27,walking
P02,27,walking
P02,28,running
P02,28,cycling
P02,28,walking
P02,28,walking
P02,28,sedentary
P02,28,running
P02,28,walking
P02,28,running
P02,28,walking
P02,29,walking
P02,29,walking
P02,29,walking
P02,29,cycling
P02,29,walking
P02,29,cycling
P02,29,sedentary
P02,29,walking
P02,29,cycling
P02,29,walking
P02,30,sedentary
P02,30,walking
P02,30,cycling
P02,30,sedentary
P02,30,walking
P02,30,walking
P02,30,walking
P02,30,sedentary
P02,30,sedentary
P03,1,walking
P03,1,sedentary
P03,1,cycling
P03,1,cycling
P03,1,walking
P03,2,cycling
P03,2,running
P03,2,walking
P03,2,walking
P03,2,cycling
P03,2,walking
P03,2,sedentary
P03,2,sedentary
P03,2,sedentary
P03,3,running
P03,3,cycling
P03,3,sedentary
P03,3,walking
P03,3,walking
P03,3,cycling
P03,3,sedentary
P03,3,sedentary
P03,3,sedentary
P03,4,sedentary
P03,4,walking
P03,4,walking
P03,4,cycling
P03,4,walking
P03,4,cycling
P03,4,cycling
P03,5,walking
P03,5,running
P03,5,running
P03,5,running
P03,5,walking
P03,5,walking
P03,5,running
P03,5,walking
P03,5,cycling
P03,6,running
P03,6,walking
P03,6,sedentary
P03,6,running
P03,6,running
P03,6,walking
P03,7,walking
P03,7,walking
P03,7,running
P03,7,walking
P03,7,running
P03,7,walking
P03,7,running
P03,7,cycling
P03,7,cycling
P03,7,running
P03,7,sedentary
P03,7,walking
P03,7,sedentary
P03,7,walking
P03,8,cycling
P03,8,walking
P03,8,walking
P03,8,running
P03,8,walking
P03,8,walking
P03,8,cycling
P03,8,running
P03,8,cycling
P03,8,sedentary
P03,8,running
P03,8,running
P03,8,walking
P03,9,walking
P03,9,sedentary
P03,9,sedentary
P03,9,running
P03,9,walking
P03,9,sedentary
P03,10,running
P03,10,cycling
P03,10,walking
P03,10,running
P03,10,walking
P03,10,sedentary
P03,10,running
P03,10,sedentary
P03,10,running
P03,10,walking
P03,10,cycling
P03,11,cycling
P03,11,running
P03,11,running
P03,11,sedentary
P03,11,cycling
P03,11,walking
P03,11,walking
P03,11,sedentary
P03,11,sedentary
P03,11,running
P03,11,walking
P03,12,walking
P03,12,sedentary
P03,12,walking
P03,12,cycling
P03,12,walking
P03,12,cycling
P03,12,running
P03,12,running
P03,13,cycling
P03,13,sedentary
P03,13,walking
P03,13,walking
P03,13,walking
P03,14,cycling
P03,14,running
P03,14,walking
P03,14,walking
P03,14,running
P03,14,running
P03,14,sedentary
P03,15,running
P03,15,cycling
P03,15,walking
P03,15,walking
P03,15,cycling
P03,15,walking
P03,15,walking
P03,16,cycling
P03,16,walking
P03,16,sedentary
P03,16,sedentary
P03,16,walking
P03,16,cycling
P03,16,running
P03,17,walking
P03,17,walking
P03,17,walking
P03,17,walking
P03,17,running
P03,17,walking
P03,17,sedentary
P03,17,walking
P03,17,running
P03,17,sedentary
P03,17,cycling
P03,17,running
P03,17,walking
P03,18,walking
P03,18,walking
P03,18,walking
P03,18,walking
P03,18,sedentary
P03,18,walking
P03,18,walking
P03,19,running
P03,19,sedentary
P03,19,walking
P03,19,cycling
P03,19,walking
P03,19,running
P03,19,walking
P03,19,running
P03,19,sedentary
P03,19,walking
P03,20,sedentary
P03,20,sedentary
P03,20,walking
P03,20,walking
P03,20,walking
P03,20,sedentary
P03,20,sedentary
P03,20,running
P03,20,sedentary
P03,20,running
P03,20,cycling
P03,20,walking
P03,21,sedentary
P03,21,cycling
P03,21,running
P03,21,walking
P03,21,walking
P03,21,walking
P03,21,walking
P03,21,walking
P03,21,walking
P03,21,walking
P03,21,walking
P03,22,walking
P03,22,walking
P03,22,walking
P03,22,cycling
P03,22,running
P03,23,sedentary
P03,23,running
P03,23,running
P03,23,walking
P03,23,running
P03,23,walking
P03,23,running
P03,24,cycling
P03,24,running
P03,24,cycling
P03,24,walking
P03,24,walking
P03,24,sedentary
P03,24,walking
P03,25,walking
P03,25,cycling
P03,25,walking
P03,25,sedentary
P03,25,cycling
P03,25,sedentary
P03,25,walking
P03,26,walking
P03,26,cycling
P03,26,walking
P03,26,sedentary
P03,26,sedentary
P03,26,walking
P03,26,sedentary
P03,26,sedentary
P03,26,cycling
P03,26,walking
P03,27,walking
P03,27,walking
P03,27,sedentary
P03,27,running
P03,27,sedentary
P03,27,walking
P03,27,walking
P03,27,running
P03,27,walking
P03,28,walking
P03,28,walking
P03,28,cycling
P03,28,walking
P03,28,walking
P03,28,running
P03,28,walking
P03,28,walking
P03,28,running
P03,28,sedentary
P03,29,walking
P03,29,walking
P03,29,walking
P03,29,walking
P03,29,sedentary
P03,29,walking
P03,29,walking
P03,29,cycling
P03,29,cycling
P03,29,cycling
P03,29,walking
P03,29,walking
P03,30,walking
P03,30,cycling
P03,30,sedentary
P03,30,cycling
P03,30,sedentary
P03,30,walking
P03,30,cycling
P03,30,walking
P04,1,sedentary
P04,1,cycling
P04,1,sedentary
P04,1,walking
P04,1,walking
P04,1,running
P04,1,walking
P04,1,walking
P04,1,sedentary
P04,1,walking
P04,2,cycling
P04,2,walking
P04,2,sedentary
P04,2,cycling
P04,2,walking
P04,2,walking
P04,2,walking
P04,2,walking
P04,2,walking
P04,2,cycling
P04,2,running
P04,3,walking
P04,3,walking
P04,3,sedentary
P04,3,walking
P04,3,cycling
P04,3,sedentary
P04,3,cycling
P04,3,sedentary
P04,3,walking
P04,3,sedentary
P04,3,walking
P04,4,cycling
P04,4,sedentary
P04,4,sedentary
P04,4,walking
P04,4,walking
P04,5,walking
P04,5,sedentary
P04,5,running
P04,5,cycling
P04,5,cycling
P04,5,sedentary
P04,6,walking
P04,6,sedentary
P04,6,running
P04,6,sedentary
P04,6,walking
P04,6,sedentary
P04,6,walking
P04,6,walking
P04,6,walking
P04,6,cycling
P04,6,cycling
P04,6,sedentary
P04,7,walking
P04,7,sedentary
P04,7,cycling
P04,7,walking
P04,7,walking
P04,7,walking
P04,7,sedentary
P04,8,sedentary
P04,8,walking
P04,8,walking
P04,8,running
P04,8,sedentary
P04,8,walking
P04,8,walking
P04,8,walking
P04,8,running
P04,8,sedentary
P04,8,sedentary
P04,9,cycling
P04,9,walking
P04,9,walking
P04,9,walking
P04,9,cycling
P04,9,sedentary
P04,9,cycling
P04,9,running
P04,9,walking
P04,9,sedentary
P04,9,sedentary
P04,9,walking
P04,10,walking
P04,10,running
P04,10,sedentary
P04,10,running
P04,10,cycling
P04,10,walking
P04,10,walking
P04,10,walking
P04,10,running
P04,10,walking
P04,10,walking
P04,10,running
P04,11,cycling
P04,11,sedentary
P04,11,walking
P04,11,walking
P04,11,walking
P04,11,sedentary
P04,11,cycling
P04,11,walking
P04,11,sedentary
P04,11,sedentary
P04,11,sedentary
P04,11,sedentary
P04,11,walking
P04,11,sedentary
P04,12,sedentary
P04,12,cycling
P04,12,running
P04,12,walking
P04,12,walking
P04,12,walking
P04,12,sedentary
P04,12,walking
P04,12,running
P04,13,walking
P04,13,cycling
P04,13,walking
P04,13,sedentary
P04,13,running
P04,13,walking
P04,14,running
P04,14,running
P04,14,running
P04,14,walking
P04,14,running
P04,14,cycling
P04,14,sedentary
P04,14,cycling
P04,14,sedentary
P04,14,walking
P04,15,running
P04,15,sedentary
P04,15,cycling
P04,15,sedentary
P04,15,walking
P04,15,walking
P04,15,sedentary
P04,15,cycling
P04,15,walking
P04,15,cycling
P04,15,sedentary
P04,15,cycling
P04,15,cycling
P04,15,walking
P04,16,running
P04,16,walking
P04,16,sedentary
P04,16,walking
P04,16,cycling
P04,16,walking
P04,16,sedentary
P04,16,walking
P04,16,walking
P04,16,walking
P04,16,walking
P04,16,sedentary
P04,16,sedentary
P04,17,walking
P04,17,cycling
P04,17,sedentary
P04,17,walking
P04,17,walking
P04,17,cycling
P04,17,walking
P04,17,walking
P04,18,cycling
P04,18,walking
P04,18,sedentary
P04,18,walking
P04,18,running
P04,18,running
P04,18,cycling
P04,18,walking
P04,18,running
P04,18,running
P04,18,running
P04,18,cycling
P04,18,cycling
P04,18,sedentary
P04,19,running
P04,19,walking
P04,19,walking
P04,19,walking
P04,19,sedentary
P04,19,cycling
P04,19,sedentary
P04,20,walking
P04,20,walking
P04,20,walking
P04,20,walking
P04,20,walking
P04,20,walking
P04,20,running
P04,21,sedentary
P04,21,cycling
P04,21,walking
P04,21,cycling
P04,21,sedentary
P04,21,walking
P04,21,walking
P04,21,sedentary
P04,21,walking
P04,21,running
P04,21,running
P04,21,walking
P04,21,walking
P04,22,walking
P04,22,cycling
P04,22,running
P04,22,running
P04,22,cycling
P04,22,sedentary
P04,23,sedentary
P04,23,walking
P04,23,walking
P04,23,sedentary
P04,23,sedentary
P04,23,walking
P04,23,sedentary
P04,24,sedentary
P04,24,cycling
P04,24,cycling
P04,24,walking
P04,24,sedentary
P04,24,sedentary
P04,24,sedentary
P04,24,walking
P04,24,walking
P04,24,walking
P04,24,walking
P04,24,walking
P04,24,sedentary
P04,24,running
P04,25,walking
P04,25,walking
P04,25,walking
P04,25,walking
P04,25,walking
P04,25,sedentary
P04,25,walking
P04,25,walking
P04,25,sedentary
P04,26,sedentary
P04,26,walking
P04,26,walking
P04,26,sedentary
P04,26,walking
P04,26,cycling
P04,26,running
P04,26,walking
P04,26,walking
P04,26,sedentary
P04,26,walking
P04,26,walking
P04,26,cycling
P04,26,running
P04,27,running
P04,27,sedentary
P04,27,walking
P04,27,walking
P04,27,walking
P04,27,cycling
P04,27,sedentary
P04,27,walking
P04,27,cycling
P04,27,walking
P04,27,running
P04,27,running
P04,28,sedentary
P04,28,sedentary
P04,28,walking
P04,28,walking
P04,28,cycling
P04,28,walking
P04,28,walking
P04,28,cycling
P04,28,running
P04,28,sedentary
P04,28,walking
P04,28,walking
P04,28,running
P04,29,cycling
P04,29,running
P04,29,walking
P04,29,running
P04,29,running
P04,29,walking
P04,29,sedentary
P04,29,sedentary
P04,29,cycling
P04,29,running
P04,29,walking
P04,30,running
P04,30,walking
P04,30,running
P04,30,sedentary
P04,30,running
P04,30,walking
P04,30,sedentary
P04,30,walking
P04,30,walking
P04,30,walking
P04,30,walking
P05,1,running
P05,1,walking
P05,1,sedentary
P05,1,sedentary
P05,1,sedentary
P05,1,walking
P05,1,running
P05,1,sedentary
P05,2,running
P05,2,running
P05,2,walking
P05,2,walking
P05,2,walking
P05,2,walking
P05,2,sedentary
P05,2,walking
P05,2,running
P05,2,walking
P05,2,walking
P05,2,walking
P05,2,walking
P05,2,walking
P05,3,walking
P05,3,sedentary
P05,3,running
P05,3,cycling
P05,3,sedentary
P05,3,walking
P05,3,sedentary
P05,3,running
P05,3,walking
P05,3,cycling
P05,3,sedentary
P05,3,walking
P05,4,walking
P05,4,sedentary
P05,4,walking
P05,4,running
P05,4,running
P05,4,walking
P05,4,walking
P05,5,walking
P05,5,cycling
P05,5,walking
P05,5,sedentary
P05,5,sedentary
P05,5,running
P05,5,sedentary
P05,5,walking
P05,5,sedentary
P05,6,cycling
P05,6,walking
P05,6,sedentary
P05,6,sedentary
P05,6,cycling
P05,6,walking
P05,6,cycling
P05,6,walking
P05,6,walking
P05,7,sedentary
P05,7,walking
P05,7,cycling
P05,7,walking
P05,7,sedentary
P05,7,sedentary
P05,7,running
P05,7,cycling
P05,8,running
P05,8,sedentary
P05,8,running
P05,8,walking
P05,8,running
P05,8,sedentary
P05,8,walking
P05,8,walking
P05,8,cycling
P05,8,sedentary
P05,8,walking
P05,8,walking
P05,8,walking
P05,9,cycling
P05,9,walking
P05,9,cycling
P05,9,walking
P05,9,running
P05,9,cycling
P05,9,sedentary
P05,9,sedentary
P05,9,walking
P05,9,walking
P05,9,cycling
P05,9,walking
P05,9,walking
P05,10,walking
P05,10,walking
P05,10,sedentary
P05,10,walking
P05,10,sedentary
P05,10,walking
P05,10,cycling
P05,10,cycling
P05,10,running
P05,10,walking
P05,10,walking
P05,10,walking
P05,11,walking
P05,11,sedentary
P05,11,sedentary
P05,11,walking
P05,11,sedentary
P05,11,walking
P05,11,sedentary
P05,11,cycling
P05,11,sedentary
P05,12,walking
P05,12,walking
P05,12,walking
P05,12,walking
P05,12,walking
P05,12,walking
P05,12,walking
P05,12,sedentary
P05,12,running
P05,12,walking
P05,12,walking
P05,13,sedentary
P05,13,walking
P05,13,cycling
P05,13,sedentary
P05,13,sedentary
P05,13,cycling
P05,13,sedentary
P05,13,sedentary
P05,13,cycling
P05,13,running
P05,13,cycling
P05,13,running
P05,13,cycling
P05,13,walking
P05,14,cycling
P05,14,running
P05,14,walking
P05,14,walking
P05,14,walking
P05,14,running
P05,14,walking
P05,14,running
P05,14,walking
P05,14,walking
P05,14,cycling
P05,14,walking
P05,15,sedentary
P05,15,sedentary
P05,15,walking
P05,15,walking
P05,15,sedentary
P05,15,cycling
P05,15,running
P05,15,sedentary
P05,16,walking
P05,16,sedentary
P05,16,running
P05,16,cycling
P05,16,walking
P05,16,walking
P05,16,running
P05,17,walking
P05,17,sedentary
P05,17,cycling
P05,17,sedentary
P05,17,sedentary
P05,17,running
P05,17,running
P05,17,walking
P05,17,walking
P05,18,walking
P05,18,walking
P05,18,walking
P05,18,sedentary
P05,18,walking
P05,18,sedentary
P05,18,cycling
P05,18,cycling
P05,18,walking
P05,18,walking
P05,18,sedentary
P05,18,sedentary
P05,18,walking
P05,19,cycling
P05,19,cycling
P05,19,running
P05,19,cycling
P05,19,walking
P05,19,walking
P05,19,walking
P05,19,running
P05,19,walking
P05,19,walking
P05,19,walking
P05,19,sedentary
P05,20,cycling
P05,20,running
P05,20,walking
P05,20,running
P05,20,running
P05,21,sedentary
P05,21,walking
P05,21,sedentary
P05,21,sedentary
P05,21,walking
P05,21,running
P05,21,walking
P05,21,walking
P05,21,walking
P05,21,walking
P05,22,walking
P05,22,walking
P05,22,cycling
P05,22,walking
P05,22,walking
P05,22,running
P05,22,sedentary
P05,22,running
P05,22,cycling
P05,22,sedentary
P05,22,walking
P05,22,walking
P05,22,walking
P05,23,walking
P05,23,sedentary
P05,23,cycling
P05,23,cycling
P05,23,walking
P05,23,sedentary
P05,23,sedentary
P05,24,cycling
P05,24,sedentary
P05,24,walking
P05,24,cycling
P05,24,sedentary
P05,24,walking
P05,24,sedentary
P05,24,walking
P05,24,cycling
P05,24,sedentary
P05,24,cycling
P05,24,walking
P05,24,running
P05,24,running
P05,25,walking
P05,25,walking
P05,25,walking
P05,25,sedentary
P05,25,cycling
P05,26,cycling
P05,26,sedentary
P05,26,running
P05,26,running
P05,26,walking
P05,26,walking
P05,26,walking
P05,26,walking
P05,26,cycling
P05,26,cycling
P05,26,running
P05,26,sedentary
P05,26,sedentary
P05,27,walking
P05,27,walking
P05,27,walking
P05,27,running
P05,27,running
P05,27,walking
P05,28,sedentary
P05,28,walking
P05,28,running
P05,28,sedentary
P05,28,walking
P05,28,walking
P05,28,sedentary
P05,28,walking
P05,28,walking
P05,29,walking
P05,29,sedentary
P05,29,walking
P05,29,sedentary
P05,29,sedentary
P05,29,sedentary
P05,29,sedentary
P05,29,walking
P05,29,walking
P05,29,running
P05,29,walking
P05,29,cycling
P05,29,cycling
P05,30,running
P05,30,running
P05,30,walking
P05,30,cycling
P05,30,walking
P06,1,walking
P06,1,walking
P06,1,walking
P06,1,cycling
P06,1,cycling
P06,2,walking
P06,2,sedentary
P06,2,running
P06,2,sedentary
P06,2,running
P06,3,running
P06,3,cycling
P06,3,walking
P06,3,running
P06,3,walking
P06,3,running
P06,3,sedentary
P06,3,walking
P06,3,walking
P06,3,walking
P06,4,walking
P06,4,walking
P06,4,walking
P06,4,running
P06,4,walking
P06,4,sedentary
P06,4,walking
P06,4,walking
P06,4,running
P06,4,walking
P06,4,sedentary
P06,4,running
P06,4,walking
P06,4,cycling
P06,5,walking
P06,5,sedentary
P06,5,sedentary
P06,5,sedentary
P06,5,running
P06,5,running
P06,5,walking
P06,5,walking
P06,6,walking
P06,6,walking
P06,6,walking
P06,6,walking
P06,6,walking
P06,6,walking
P06,6,walking
P06,6,sedentary
P06,6,running
P06,6,walking
P06,6,running
P06,7,sedentary
P06,7,walking
P06,7,sedentary
P06,7,walking
P06,7,sedentary
P06,7,cycling
P06,7,walking
P06,7,walking
P06,7,sedentary
P06,7,running
P06,7,cycling
P06,7,walking
P06,8,running
P06,8,running
P06,8,walking
P06,8,sedentary
P06,8,sedentary
P06,8,cycling
P06,8,running
P06,8,sedentary
P06,8,walking
P06,9,walking
P06,9,sedentary
P06,9,walking
P06,9,sedentary
P06,9,sedentary
P06,9,walking
P06,9,running
P06,9,sedentary
P06,9,running
P06,9,sedentary
P06,9,running
P06,10,running
P06,10,running
P06,10,running
P06,10,walking
P06,10,cycling
P06,10,sedentary
P06,10,walking
P06,10,cycling
P06,10,sedentary
P06,10,running
P06,10,walking
P06,10,cycling
P06,10,running
P06,10,sedentary
P06,11,walking
P06,11,walking
P06,11,sedentary
P06,11,walking
P06,11,sedentary
P06,11,sedentary
P06,11,walking
P06,12,walking
P06,12,walking
P06,12,sedentary
P06,12,walking
P06,12,cycling
P06,12,sedentary
P06,12,sedentary
P06,12,walking
P06,12,sedentary
P06,12,running
P06,13,walking
P06,13,sedentary
P06,13,walking
P06,13,walking
P06,13,sedentary
P06,13,walking
P06,13,sedentary
P06,13,cycling
P06,13,sedentary
P06,14,walking
P06,14,walking
P06,14,walking
P06,14,cycling
P06,14,walking
P06,14,walking
P06,14,sedentary
P06,14,sedentary
P06,14,sedentary
P06,14,sedentary
P06,14,cycling
P06,15,walking
P06,15,cycling
P06,15,walking
P06,15,cycling
P06,15,walking
P06,15,walking
P06,15,running
P06,15,cycling
P06,15,running
P06,15,cycling
P06,15,walking
P06,15,walking
P06,16,walking
P06,16,walking
P06,16,running
P06,16,sedentary
P06,16,cycling
P06,16,walking
P06,16,walking
P06,16,walking
P06,16,walking
P06,16,walking
P06,17,walking
P06,17,walking
P06,17,walking
P06,17,walking
P06,17,walking
P06,17,running
P06,17,sedentary
P06,17,running
P06,17,walking
P06,17,walking
P06,17,walking
P06,18,cycling
P06,18,walking
P06,18,sedentary
P06,18,running
P06,18,walking
P06,18,running
P06,18,cycling
P06,19,cycling
P06,19,running
P06,19,running
P06,19,walking
P06,19,walking
P06,19,walking
P06,19,running
P06,19,walking
P06,20,cycling
P06,20,walking
P06,20,walking
P06,20,sedentary
P06,20,sedentary
P06,20,cycling
P06,20,walking
P06,20,walking
P06,20,walking
P06,20,walking
P06,20,sedentary
P06,21,walking
P06,21,cycling
P06,21,walking
P06,21,sedentary
P06,21,walking
P06,21,walking
P06,22,walking
P06,22,sedentary
P06,22,sedentary
P06,22,walking
P06,22,running
P06,22,sedentary
P06,22,running
P06,22,sedentary
P06,22,sedentary
P06,22,walking
P06,22,walking
P06,22,sedentary
P06,22,cycling
P06,23,cycling
P06,23,running
P06,23,walking
P06,23,cycling
P06,23,cycling
P06,24,walking
P06,24,walking
P06,24,sedentary
P06,24,walking
P06,24,walking
P06,24,walking
P06,24,cycling
P06,24,sedentary
P06,24,walking
P06,24,running
P06,24,cycling
P06,24,sedentary
P06,24,walking
P06,24,running
P06,25,running
P06,25,walking
P06,25,running
P06,25,walking
P06,25,walking
P06,25,walking
P06,25,walking
P06,25,sedentary
P06,25,walking
P06,25,sedentary
P06,25,sedentary
P06,26,cycling
P06,26,running
P06,26,sedentary
P06,26,walking
P06,26,cycling
P06,26,cycling
P06,26,walking
P06,26,walking
P06,26,cycling
P06,26,cycling
P06,26,walking
P06,26,cycling
P06,26,walking
P06,27,running
P06,27,running
P06,27,walking
P06,27,walking
P06,27,cycling
P06,27,sedentary
P06,27,sedentary
P06,27,running
P06,27,walking
P06,27,cycling
P06,27,walking
P06,27,sedentary
P06,28,walking
P06,28,walking
P06,28,walking
P06,28,running
P06,28,walking
P06,28,running
P06,29,walking
P06,29,cycling
P06,29,sedentary
P06,29,walking
P06,29,walking
P06,29,sedentary
P06,29,running
P06,29,walking
P06,29,walking
P06,29,walking
P06,30,walking
P06,30,sedentary
P06,30,sedentary
P06,30,walking
P06,30,walking
P06,30,walking
P06,30,walking
P06,30,sedentary
P06,30,running
P06,30,walking
P07,1,cycling
P07,1,sedentary
P07,1,sedentary
P07,1,walking
P07,1,sedentary
P07,1,sedentary
P07,1,sedentary
P07,1,running
P07,1,walking
P07,2,sedentary
P07,2,cycling
P07,2,sedentary
P07,2,cycling
P07,2,running
P07,2,walking
P07,2,cycling
P07,2,running
P07,3,sedentary
P07,3,sedentary
P07,3,sedentary
P07,3,running
P07,3,sedentary
P07,3,walking
P07,3,walking
P07,3,walking
P07,3,walking
P07,3,walking
P07,3,cycling
P07,3,sedentary
P07,4,walking
P07,4,sedentary
P07,4,cycling
P07,4,walking
P07,4,cycling
P07,4,walking
P07,4,walking
P07,5,walking
P07,5,cycling
P07,5,running
P07,5,walking
P07,5,cycling
P07,5,cycling
P07,5,sedentary
P07,5,running
P07,6,walking
P07,6,walking
P07,6,sedentary
P07,6,running
P07,6,walking
P07,6,running
P07,6,cycling
P07,6,walking
P07,6,walking
P07,6,sedentary
P07,6,running
P07,6,running
P07,6,walking
P07,7,walking
P07,7,walking
P07,7,walking
P07,7,walking
P07,7,sedentary
P07,7,sedentary
P07,7,sedentary
P07,8,walking
P07,8,cycling
P07,8,running
P07,8,walking
P07,8,sedentary
P07,8,running
P07,8,walking
P07,8,running
P07,8,sedentary
P07,8,walking
P07,9,cycling
P07,9,sedentary
P07,9,walking
P07,9,sedentary
P07,9,sedentary
P07,9,sedentary
P07,9,sedentary
P07,9,running
P07,9,sedentary
P07,9,sedentary
P07,10,running
P07,10,cycling
P07,10,walking
P07,10,cycling
P07,10,cycling
P07,10,walking
P07,10,running
P07,10,sedentary
P07,10,running
P07,10,walking
P07,10,walking
P07,10,walking
P07,10,sedentary
P07,10,walking
P07,11,walking
P07,11,walking
P07,11,sedentary
P07,11,cycling
P07,11,walking
P07,11,walking
P07,11,walking
P07,11,running
P07,11,cycling
P07,12,sedentary
P07,12,walking
P07,12,sedentary
P07,12,sedentary
P07,12,running
P07,12,running
P07,12,running
P07,12,cycling
P07,12,walking
P07,12,walking
P07,12,walking
P07,12,walking
P07,12,walking
P07,12,cycling
P07,13,walking
P07,13,running
P07,13,walking
P07,13,sedentary
P07,13,sedentary
P07,13,sedentary
P07,13,sedentary
P07,13,walking
P07,14,walking
P07,14,walking
P07,14,walking
P07,14,sedentary
P07,14,walking
P07,14,sedentary
P07,14,running
P07,14,walking
P07,14,running
P07,14,running
P07,14,sedentary
P07,14,walking
P07,14,walking
P07,15,sedentary
P07,15,sedentary
P07,15,walking
P07,15,sedentary
P07,15,running
P07,15,running
P07,15,walking
P07,15,running
P07,15,walking
P07,15,walking
P07,15,sedentary
P07,16,walking
P07,16,walking
P07,16,sedentary
P07,16,running
P07,16,walking
P07,16,sedentary
P07,16,walking
P07,16,cycling
P07,16,sedentary
P07,16,walking
P07,16,sedentary
P07,16,running
P07,16,running
P07,17,walking
P07,17,walking
P07,17,walking
P07,17,walking
P07,17,sedentary
P07,17,walking
P07,17,walking
P07,17,running
P07,17,walking
P07,18,walking
P07,18,walking
P07,18,walking
P07,18,walking
P07,18,sedentary
P07,18,walking
P07,18,walking
P07,18,walking
P07,18,cycling
P07,18,cycling
P07,18,walking
P07,18,sedentary
P07,18,cycling
P07,18,sedentary
P07,19,cycling
P07,19,sedentary
P07,19,walking
P07,19,walking
P07,19,sedentary
P07,19,sedentary
P07,19,sedentary
P07,19,sedentary
P07,19,walking
P07,20,walking
P07,20,walking
P07,20,walking
P07,20,sedentary
P07,20,walking
P07,20,walking
P07,20,running
P07,20,walking
P07,20,cycling
P07,21,walking
P07,21,cycling
P07,21,walking
P07,21,cycling
P07,21,sedentary
P07,21,walking
P07,21,running
P07,21,running
P07,21,walking
P07,21,sedentary
P07,22,walking
P07,22,walking
P07,22,walking
P07,22,sedentary
P07,22,walking
P07,22,walking
P07,22,sedentary
P07,22,walking
P07,22,walking
P07,22,walking
P07,22,walking
P07,22,walking
P07,23,sedentary
P07,23,sedentary
P07,23,cycling
P07,23,cycling
P07,23,running
P07,23,sedentary
P07,23,running
P07,23,walking
P07,24,sedentary
P07,24,cycling
P07,24,walking
P07,24,walking
P07,24,sedentary
P07,24,walking
P07,24,cycling
P07,24,sedentary
P07,25,walking
P07,25,cycling
P07,25,sedentary
P07,25,running
P07,25,sedentary
P07,25,walking
P07,25,running
P07,25,cycling
P07,25,sedentary
P07,25,walking
P07,25,sedentary
P07,26,sedentary
P07,26,walking
P07,26,sedentary
P07,26,sedentary
P07,26,cycling
P07,26,cycling
P07,26,walking
P07,27,cycling
P07,27,sedentary
P07,27,walking
P07,27,cycling
P07,27,running
P07,27,sedentary
P07,27,sedentary
P07,27,walking
P07,27,cycling
P07,27,walking
P07,28,walking
P07,28,walking
P07,28,walking
P07,28,walking
P07,28,sedentary
P07,29,cycling
P07,29,walking
P07,29,walking
P07,29,sedentary
P07,29,walking
P07,29,walking
P07,29,cycling
P07,29,walking
P07,29,walking
P07,30,sedentary
P07,30,cycling
P07,30,cycling
P07,30,cycling
P07,30,walking
P07,30,walking
P07,30,sedentary
P07,30,walking
P07,30,walking
P07,30,walking
P07,30,walking
P08,1,walking
P08,1,running
P08,1,sedentary
P08,1,walking
P08,1,running
P08,1,sedentary
P08,1,running
P08,1,walking
P08,1,running
P08,1,walking
P08,1,running
P08,1,walking
P08,1,cycling
P08,2,running
P08,2,walking
P08,2,walking
P08,2,cycling
P08,2,sedentary
P08,2,cycling
P08,3,walking
P08,3,sedentary
P08,3,walking
P08,3,walking
P08,3,cycling
P08,3,running
P08,3,walking
P08,3,running
P08,3,cycling
P08,3,cycling
P08,3,walking
P08,4,running
P08,4,cycling
P08,4,running
P08,4,running
P08,4,walking
P08,4,walking
P08,4,walking
P08,4,walking
P08,4,walking
P08,4,cycling
P08,4,walking
P08,4,sedentary
P08,4,walking
P08,4,sedentary
P08,5,cycling
P08,5,cycling
P08,5,walking
P08,5,walking
P08,5,running
P08,5,walking
P08,5,running
P08,5,sedentary
P08,6,cycling
P08,6,cycling
P08,6,cycling
P08,6,walking
P08,6,cycling
P08,6,running
P08,6,cycling
P08,6,walking
P08,7,cycling
P08,7,sedentary
P08,7,walking
P08,7,walking
P08,7,walking
P08,7,cycling
P08,7,walking
P08,7,running
P08,8,running
P08,8,cycling
P08,8,cycling
P08,8,walking
P08,8,cycling
P08,9,sedentary
P08,9,cycling
P08,9,walking
P08,9,walking
P08,9,walking
P08,9,walking
P08,9,walking
P08,9,walking
P08,9,running
P08,10,walking
P08,10,running
P08,10,running
P08,10,walking
P08,10,walking
P08,10,sedentary
P08,10,walking
P08,11,sedentary
P08,11,running
P08,11,walking
P08,11,cycling
P08,11,cycling
P08,11,cycling
P08,11,running
P08,11,walking
P08,12,walking
P08,12,walking
P08,12,sedentary
P08,12,walking
P08,12,sedentary
P08,12,sedentary
P08,12,sedentary
P08,12,walking
P08,12,sedentary
P08,12,walking
P08,12,sedentary
P08,12,cycling
P08,12,sedentary
P08,12,running
P08,13,cycling
P08,13,sedentary
P08,13,walking
P08,13,sedentary
P08,13,walking
P08,13,walking
P08,14,walking
P08,14,running
P08,14,walking
P08,14,running
P08,14,walking
P08,14,walking
P08,14,walking
P08,14,cycling
P08,14,walking
P08,14,walking
P08,14,sedentary
P08,14,walking
P08,14,running
P08,15,walking
P08,15,cycling
P08,15,sedentary
P08,15,sedentary
P08,15,cycling
P08,16,sedentary
P08,16,walking
P08,16,sedentary
P08,16,walking
P08,16,running
P08,16,walking
P08,16,cycling
P08,17,sedentary
P08,17,sedentary
P08,17,walking
P08,17,sedentary
P08,17,sedentary
P08,17,walking
P08,17,walking
P08,17,running
P08,17,sedentary
P08,17,sedentary
P08,17,walking
P08,17,walking
P08,17,running
P08,17,running
P08,18,running
P08,18,sedentary
P08,18,sedentary
P08,18,walking
P08,18,running
P08,18,walking
P08,18,walking
P08,18,walking
P08,18,running
P08,18,walking
P08,19,walking
P08,19,walking
P08,19,walking
P08,19,walking
P08,19,cycling
P08,19,cycling
P08,19,running
P08,19,walking
P08,20,walking
P08,20,walking
P08,20,cycling
P08,20,sedentary
P08,20,walking
P08,21,walking
P08,21,running
P08,21,cycling
P08,21,walking
P08,21,walking
P08,21,walking
P08,21,walking
P08,22,cycling
P08,22,running
P08,22,walking
P08,22,walking
P08,22,running
P08,22,cycling
P08,22,cycling
P08,22,walking
P08,22,running
P08,22,walking
P08,22,sedentary
P08,22,cycling
P08,23,running
P08,23,sedentary
P08,23,walking
P08,23,sedentary
P08,23,running
P08,24,sedentary
P08,24,cycling
P08,24,sedentary
P08,24,sedentary
P08,24,sedentary
P08,24,cycling
P08,24,sedentary
P08,24,cycling
P08,24,walking
P08,25,walking
P08,25,cycling
P08,25,sedentary
P08,25,cycling
P08,25,cycling
P08,25,sedentary
P08,25,running
P08,25,sedentary
P08,25,walking
P08,26,walking
P08,26,running
P08,26,running
P08,26,sedentary
P08,26,walking
P08,26,running
P08,26,walking
P08,27,sedentary
P08,27,sedentary
P08,27,walking
P08,27,walking
P08,27,sedentary
P08,27,walking
P08,27,running
P08,27,sedentary
P08,27,walking
P08,27,cycling
P08,27,walking
P08,27,walking
P08,27,sedentary
P08,28,sedentary
P08,28,running
P08,28,walking
P08,28,walking
P08,28,walking
P08,28,walking
P08,28,walking
P08,28,walking
P08,29,walking
P08,29,walking
P08,29,sedentary
P08,29,walking
P08,29,sedentary
P08,29,sedentary
P08,29,walking
P08,29,cycling
P08,30,sedentary
P08,30,running
P08,30,walking
P08,30,sedentary
P08,30,running
P08,30,sedentary
P09,1,cycling
P09,1,sedentary
P09,1,walking
P09,1,walking
P09,1,cycling
P09,1,walking
P09,1,cycling
P09,1,walking
P09,1,walking
P09,1,walking
P09,1,walking
P09,2,walking
P09,2,sedentary
P09,2,sedentary
P09,2,running
P09,2,sedentary
P09,2,walking
P09,2,walking
P09,3,walking
P09,3,running
P09,3,walking
P09,3,running
P09,3,sedentary
P09,3,sedentary
P09,3,cycling
P09,3,cycling
P09,3,running
P09,3,running
P09,4,walking
P09,4,sedentary
P09,4,cycling
P09,4,sedentary
P09,4,walking
P09,4,cycling
P09,5,sedentary
P09,5,cycling
P09,5,walking
P09,5,walking
P09,5,walking
P09,5,cycling
P09,5,walking
P09,6,sedentary
P09,6,walking
P09,6,sedentary
P09,6,sedentary
P09,6,running
P09,6,sedentary
P09,6,sedentary
P09,6,sedentary
P09,7,walking
P09,7,walking
P09,7,walking
P09,7,walking
P09,7,walking
P09,7,sedentary
P09,7,walking
P09,7,running
P09,8,sedentary
P09,8,sedentary
P09,8,walking
P09,8,walking
P09,8,running
P09,8,cycling
P09,8,walking
P09,8,cycling
P09,8,walking
P09,8,cycling
P09,8,sedentary
P09,8,cycling
P09,9,walking
P09,9,sedentary
P09,9,walking
P09,9,cycling
P09,9,sedentary
P09,9,sedentary
P09,9,sedentary
P09,9,walking
P09,9,walking
P09,9,walking
P09,10,sedentary
P09,10,sedentary
P09,10,sedentary
P09,10,walking
P09,10,walking
P09,11,walking
P09,11,walking
P09,11,sedentary
P09,11,cycling
P09,11,sedentary
P09,11,walking
P09,11,sedentary
P09,11,cycling
P09,11,running
P09,12,sedentary
P09,12,running
P09,12,running
P09,12,sedentary
P09,12,sedentary
P09,12,walking
P09,12,cycling
P09,12,walking
P09,12,walking
P09,13,sedentary
P09,13,walking
P09,13,walking
P09,13,cycling
P09,13,cycling
P09,13,running
P09,13,walking
P09,14,cycling
P09,14,sedentary
P09,14,cycling
P09,14,running
P09,14,walking
P09,14,running
P09,15,walking
P09,15,sedentary
P09,15,walking
P09,15,sedentary
P09,15,cycling
P09,15,walking
P09,16,cycling
P09,16,walking
P09,16,walking
P09,16,cycling
P09,16,running
P09,16,walking
P09,16,cycling
P09,16,running
P09,16,cycling
P09,16,sedentary
P09,16,walking
P09,16,walking
P09,16,sedentary
P09,17,walking
P09,17,running
P09,17,running
P09,17,cycling
P09,17,sedentary
P09,17,cycling
P09,17,sedentary
P09,17,sedentary
P09,17,running
P09,17,sedentary
P09,17,cycling
P09,18,running
P09,18,running
P09,18,walking
P09,18,walking
P09,18,walking
P09,18,walking
P09,18,walking
P09,18,cycling
P09,18,sedentary
P09,18,sedentary
P09,19,running
P09,19,sedentary
P09,19,cycling
P09,19,walking
P09,19,sedentary
P09,19,sedentary
P09,19,walking
P09,19,walking
P09,19,walking
P09,19,cycling
P09,19,cycling
P09,20,running
P09,20,sedentary
P09,20,walking
P09,20,walking
P09,20,walking
P09,20,sedentary
P09,20,sedentary
P09,20,sedentary
P09,20,sedentary
P09,20,walking
P09,20,walking
P09,20,walking
P09,20,walking
P09,21,running
P09,21,walking
P09,21,sedentary
P09,21,walking
P09,21,walking
P09,21,running
P09,22,sedentary
P09,22,sedentary
P09,22,walking
P09,22,walking
P09,22,sedentary
P09,22,walking
P09,22,walking
P09,22,walking
P09,22,walking
P09,23,walking
P09,23,walking
P09,23,walking
P09,23,sedentary
P09,23,walking
P09,23,sedentary
P09,23,sedentary
P09,23,walking
P09,23,sedentary
P09,23,walking
P09,23,walking
P09,24,cycling
P09,24,cycling
P09,24,walking
P09,24,running
P09,24,sedentary
P09,24,walking
P09,24,walking
P09,24,walking
P09,24,walking
P09,24,sedentary
P09,24,walking
P09,25,sedentary
P09,25,walking
P09,25,walking
P09,25,running
P09,25,cycling
P09,25,running
P09,25,cycling
P09,25,sedentary
P09,25,sedentary
P09,25,walking
P09,25,running
P09,25,sedentary
P09,25,sedentary
P09,25,sedentary
P09,26,walking
P09,26,running
P09,26,running
P09,26,cycling
P09,26,running
P09,26,cycling
P09,26,cycling
P09,26,walking
P09,27,walking
P09,27,cycling
P09,27,walking
P09,27,running
P09,27,sedentary
P09,27,sedentary
P09,28,walking
P09,28,running
P09,28,running
P09,28,running
P09,28,cycling
P09,29,sedentary
P09,29,sedentary
P09,29,cycling
P09,29,walking
P09,29,walking
P09,29,sedentary
P09,29,walking
P09,29,sedentary
P09,30,walking
P09,30,sedentary
P09,30,walking
P09,30,sedentary
P09,30,sedentary
P09,30,running
P09,30,walking
P10,1,sedentary
P10,1,sedentary
P10,1,walking
P10,1,cycling
P10,1,running
P10,1,walking
P10,1,sedentary
P10,2,walking
P10,2,running
P10,2,running
P10,2,running
P10,2,sedentary
P10,2,cycling
P10,2,cycling
P10,2,walking
P10,2,walking
P10,2,walking
P10,2,walking
P10,2,running
P10,2,walking
P10,3,running
P10,3,sedentary
P10,3,walking
P10,3,walking
P10,3,walking
P10,3,walking
P10,3,sedentary
P10,3,running
P10,3,running
P10,3,sedentary
P10,3,walking
P10,3,running
P10,4,running
P10,4,cycling
P10,4,sedentary
P10,4,walking
P10,4,cycling
P10,4,running
P10,5,sedentary
P10,5,walking
P10,5,cycling
P10,5,walking
P10,5,cycling
P10,5,running
P10,5,sedentary
P10,5,walking
P10,5,cycling
P10,6,sedentary
P10,6,sedentary
P10,6,sedentary
P10,6,sedentary
P10,6,sedentary
P10,7,walking
P10,7,running
P10,7,sedentary
P10,7,sedentary
P10,7,walking
P10,7,sedentary
P10,7,cycling
P10,7,cycling
P10,7,walking
P10,7,walking
P10,7,running
P10,7,cycling
P10,7,walking
P10,8,cycling
P10,8,running
P10,8,sedentary
P10,8,walking
P10,8,walking
P10,8,walking
P10,8,sedentary
P10,8,running
P10,8,sedentary
P10,8,walking
P10,8,walking
P10,8,walking
P10,8,sedentary
P10,8,cycling
P10,9,cycling
P10,9,running
P10,9,cycling
P10,9,walking
P10,9,walking
P10,9,cycling
P10,9,running
P10,10,cycling
P10,10,walking
P10,10,walking
P10,10,sedentary
P10,10,walking
P10,10,cycling
P10,10,cycling
P10,10,cycling
P10,11,walking
P10,11,walking
P10,11,walking
P10,11,walking
P10,11,walking
P10,11,walking
P10,11,sedentary
P10,12,sedentary
P10,12,running
P10,12,walking
P10,12,walking
P10,12,walking
P10,12,cycling
P10,12,walking
P10,12,walking
P10,12,walking
P10,12,sedentary
P10,12,walking
P10,12,walking
P10,13,cycling
P10,13,sedentary
P10,13,sedentary
P10,13,running
P10,13,sedentary
P10,13,sedentary
P10,13,sedentary
P10,13,walking
P10,13,walking
P10,13,walking
P10,14,walking
P10,14,cycling
P10,14,sedentary
P10,14,walking
P10,14,sedentary
P10,14,walking
P10,14,walking
P10,14,walking
P10,14,walking
P10,15,walking
P10,15,walking
P10,15,walking
P10,15,sedentary
P10,15,walking
P10,15,cycling
P10,16,walking
P10,16,cycling
P10,16,sedentary
P10,16,walking
P10,16,cycling
P10,17,walking
P10,17,walking
P10,17,running
P10,17,sedentary
P10,17,walking
P10,17,cycling
P10,17,cycling
P10,17,sedentary
P10,17,sedentary
P10,17,running
P10,17,cycling
P10,17,sedentary
P10,17,walking
P10,18,sedentary
P10,18,walking
P10,18,walking
P10,18,sedentary
P10,18,walking
P10,18,walking
P10,18,walking
P10,18,walking
P10,18,running
P10,18,walking
P10,18,sedentary
P10,18,sedentary
P10,18,cycling
P10,19,cycling
P10,19,running
P10,19,walking
P10,19,walking
P10,19,running
P10,19,walking
P10,19,sedentary
P10,20,walking
P10,20,sedentary
P10,20,walking
P10,20,sedentary
P10,20,walking
P10,20,walking
P10,20,walking
P10,20,walking
P10,20,running
P10,20,walking
P10,21,cycling
P10,21,walking
P10,21,running
P10,21,walking
P10,21,sedentary
P10,21,sedentary
P10,21,running
P10,21,walking
P10,21,walking
P10,22,walking
P10,22,walking
P10,22,walking
P10,22,running
P10,22,running
P10,23,running
P10,23,walking
P10,23,walking
P10,23,running
P10,23,sedentary
P10,23,sedentary
P10,23,walking
P10,23,walking
P10,23,walking
P10,23,cycling
P10,24,cycling
P10,24,running
P10,24,walking
P10,24,running
P10,24,walking
P10,24,walking
P10,24,cycling
P10,24,sedentary
P10,24,running
P10,24,cycling
P10,24,walking
P10,24,walking
P10,24,walking
P10,24,cycling
P10,25,walking
P10,25,walking
P10,25,running
P10,25,walking
P10,25,sedentary
P10,25,sedentary
P10,25,cycling
P10,26,sedentary
P10,26,sedentary
P10,26,walking
P10,26,sedentary
P10,26,running
P10,27,walking
P10,27,walking
P10,27,walking
P10,27,walking
P10,27,sedentary
P10,27,walking
P10,27,walking
P10,27,walking
P10,27,sedentary
P10,28,walking
P10,28,running
P10,28,cycling
P10,28,sedentary
P10,28,walking
P10,28,sedentary
P10,28,sedentary
P10,29,walking
P10,29,walking
P10,29,walking
P10,29,walking
P10,29,walking
P10,29,walking
P10,29,sedentary
P10,30,cycling
P10,30,sedentary
P10,30,walking
P10,30,sedentary
P10,30,running
P10,30,sedentary
P10,30,walking
P10,30,walking
P10,30,sedentary
P10,30,walking
P10,30,sedentary
P11,1,running
P11,1,walking
P11,1,sedentary
P11,1,walking
P11,1,sedentary
P11,1,running
P11,1,sedentary
P11,1,cycling
P11,1,cycling
P11,1,walking
P11,1,walking
P11,1,walking
P11,2,sedentary
P11,2,walking
P11,2,walking
P11,2,walking
P11,2,cycling
P11,2,running
P11,2,sedentary
P11,2,sedentary
P11,2,walking
P11,2,running
P11,3,walking
P11,3,sedentary
P11,3,walking
P11,3,cycling
P11,3,walking
P11,3,walking
P11,4,walking
P11,4,walking
P11,4,walking
P11,4,walking
P11,4,sedentary
P11,4,sedentary
P11,4,walking
P11,4,walking
P11,4,walking
P11,4,walking
P11,4,cycling
P11,5,walking
P11,5,walking
P11,5,walking
P11,5,sedentary
P11,5,sedentary
P11,5,walking
P11,5,walking
P11,5,walking
P11,6,sedentary
P11,6,walking
P11,6,walking
P11,6,walking
P11,6,running
P11,6,walking
P11,7,cycling
P11,7,sedentary
P11,7,sedentary
P11,7,walking
P11,7,walking
P11,7,cycling
P11,7,walking
P11,7,running
P11,7,walking
P11,8,walking
P11,8,cycling
P11,8,walking
P11,8,sedentary
P11,8,walking
P11,8,running
P11,8,walking
P11,8,walking
P11,8,sedentary
P11,8,sedentary
P11,8,walking
P11,8,walking
P11,8,sedentary
P11,8,sedentary
P11,9,running
P11,9,walking
P11,9,sedentary
P11,9,walking
P11,9,walking
P11,9,sedentary
P11,9,walking
P11,9,running
P11,10,cycling
P11,10,running
P11,10,cycling
P11,10,running
P11,10,walking
P11,10,walking
P11,10,walking
P11,10,sedentary
P11,10,running
P11,11,walking
P11,11,walking
P11,11,walking
P11,11,cycling
P11,11,walking
P11,11,walking
P11,11,walking
P11,11,cycling
P11,11,walking
P11,11,cycling
P11,11,walking
P11,11,sedentary
P11,11,sedentary
P11,12,walking
P11,12,walking
P11,12,cycling
P11,12,sedentary
P11,12,sedentary
P11,12,walking
P11,12,running
P11,12,walking
P11,13,walking
P11,13,cycling
P11,13,walking
P11,13,cycling
P11,13,walking
P11,13,walking
P11,13,sedentary
P11,13,walking
P11,13,sedentary
P11,14,walking
P11,14,walking
P11,14,sedentary
P11,14,running
P11,14,cycling
P11,14,sedentary
P11,14,sedentary
P11,15,walking
P11,15,cycling
P11,15,cycling
P11,15,running
P11,15,cycling
P11,15,walking
P11,15,walking
P11,15,walking
P11,16,walking
P11,16,cycling
P11,16,running
P11,16,walking
P11,16,running
P11,16,running
P11,16,walking
P11,16,cycling
P11,16,sedentary
P11,16,sedentary
P11,16,cycling
P11,17,walking
P11,17,walking
P11,17,sedentary
P11,17,cycling
P11,17,sedentary
P11,17,walking
P11,17,cycling
P11,17,running
P11,18,sedentary
P11,18,walking
P11,18,walking
P11,18,walking
P11,18,walking
P11,18,walking
P11,19,cycling
P11,19,walking
P11,19,cycling
P11,19,cycling
P11,19,walking
P11,19,walking
P11,19,walking
P11,19,cycling
P11,19,sedentary
P11,19,walking
P11,19,cycling
P11,19,walking
P11,19,running
P11,19,sedentary
P11,20,walking
P11,20,walking
P11,20,cycling
P11,20,sedentary
P11,20,sedentary
P11,20,running
P11,20,sedentary
P11,20,cycling
P11,20,cycling
P11,20,running
P11,20,cycling
P11,20,sedentary
P11,21,walking
P11,21,sedentary
P11,21,running
P11,21,running
P11,21,running
P11,21,walking
P11,22,cycling
P11,22,walking
P11,22,sedentary
P11,22,walking
P11,22,walking
P11,22,cycling
P11,22,walking
P11,22,running
P11,22,cycling
P11,23,cycling
P11,23,walking
P11,23,sedentary
P11,23,cycling
P11,23,running
P11,23,walking
P11,23,sedentary
P11,23,walking
P11,24,cycling
P11,24,cycling
P11,24,running
P11,24,walking
P11,24,cycling
P11,24,walking
P11,24,cycling
P11,24,running
P11,24,walking
P11,25,sedentary
P11,25,sedentary
P11,25,cycling
P11,25,walking
P11,25,walking
P11,26,walking
P11,26,walking
P11,26,sedentary
P11,26,walking
P11,26,walking
P11,26,running
P11,26,walking
P11,26,walking
P11,26,sedentary
P11,26,sedentary
P11,26,sedentary
P11,26,sedentary
P11,27,sedentary
P11,27,walking
P11,27,cycling
P11,27,sedentary
P11,27,walking
P11,27,walking
P11,27,running
P11,27,walking
P11,27,walking
P11,27,sedentary
P11,28,walking
P11,28,running
P11,28,sedentary
P11,28,sedentary
P11,28,running
P11,28,sedentary
P11,28,walking
P11,28,walking
P11,28,walking
P11,28,cycling
P11,29,running
P11,29,cycling
P11,29,walking
P11,29,cycling
P11,29,cycling
P11,29,walking
P11,29,running
P11,29,walking
P11,29,sedentary
P11,29,walking
P11,30,cycling
P11,30,cycling
P11,30,walking
P11,30,walking
P11,30,walking
P11,30,walking
P11,30,cycling
P12,1,walking
P12,1,walking
P12,1,running
P12,1,running
P12,1,walking
P12,1,walking
P12,1,walking
P12,1,sedentary
P12,1,cycling
P12,1,sedentary
P12,2,running
P12,2,running
P12,2,walking
P12,2,cycling
P12,2,sedentary
P12,2,walking
P12,2,running
P12,3,walking
P12,3,walking
P12,3,cycling
P12,3,sedentary
P12,3,sedentary
P12,3,running
P12,3,cycling
P12,3,walking
P12,3,cycling
P12,3,running
P12,4,cycling
P12,4,sedentary
P12,4,walking
P12,4,sedentary
P12,4,running
P12,4,cycling
P12,4,sedentary
P12,4,sedentary
P12,4,sedentary
P12,4,walking
P12,4,sedentary
P12,4,cycling
P12,4,sedentary
P12,5,running
P12,5,walking
P12,5,sedentary
P12,5,walking
P12,5,walking
P12,5,running
P12,5,sedentary
P12,5,walking
P12,5,walking
P12,5,walking
P12,5,running
P12,6,cycling
P12,6,sedentary
P12,6,running
P12,6,walking
P12,6,walking
P12,6,walking
P12,6,sedentary
P12,7,walking
P12,7,cycling
P12,7,cycling
P12,7,running
P12,7,walking
P12,7,running
P12,7,walking
P12,8,cycling
P12,8,sedentary
P12,8,walking
P12,8,running
P12,8,cycling
P12,8,running
P12,8,walking
P12,8,walking
P12,8,walking
P12,8,walking
P12,8,walking
P12,9,cycling
P12,9,cycling
P12,9,walking
P12,9,walking
P12,9,walking
P12,10,walking
P12,10,walking
P12,10,walking
P12,10,running
P12,10,cycling
P12,10,running
P12,10,walking
P12,11,walking
P12,11,walking
P12,11,running
P12,11,walking
P12,11,sedentary
P12,11,sedentary
P12,11,running
P12,12,walking
P12,12,walking
P12,12,sedentary
P12,12,sedentary
P12,12,walking
P12,12,walking
P12,12,walking
P12,12,cycling
P12,13,sedentary
P12,13,walking
P12,13,walking
P12,13,cycling
P12,13,sedentary
P12,13,running
P12,13,walking
P12,13,sedentary
P12,13,walking
P12,13,sedentary
P12,13,walking
P12,13,sedentary
P12,13,cycling
P12,13,walking
P12,14,walking
P12,14,sedentary
P12,14,walking
P12,14,walking
P12,14,walking
P12,14,cycling
P12,14,walking
P12,14,walking
P12,14,running
P12,14,sedentary
P12,15,walking
P12,15,walking
P12,15,walking
P12,15,sedentary
P12,15,sedentary
P12,15,running
P12,15,walking
P12,15,sedentary
P12,15,running
P12,15,sedentary
P12,16,running
P12,16,walking
P12,16,walking
P12,16,walking
P12,16,sedentary
P12,16,walking
P12,16,walking
P12,16,walking
P12,16,running
P12,16,walking
P12,17,walking
P12,17,cycling
P12,17,sedentary
P12,17,running
P12,17,walking
P12,17,cycling
P12,17,walking
P12,17,walking
P12,17,walking
P12,17,walking
P12,18,walking
P12,18,walking
P12,18,running
P12,18,running
P12,18,walking
P12,18,sedentary
P12,18,walking
P12,19,walking
P12,19,walking
P12,19,running
P12,19,running
P12,19,sedentary
P12,19,walking
P12,19,walking
P12,19,walking
P12,20,walking
P12,20,walking
P12,20,walking
P12,20,running
P12,20,cycling
P12,20,walking
P12,20,sedentary
P12,20,sedentary
P12,20,walking
P12,20,walking
P12,20,walking
P12,21,sedentary
P12,21,sedentary
P12,21,cycling
P12,21,walking
P12,21,walking
P12,22,cycling
P12,22,sedentary
P12,22,walking
P12,22,walking
P12,22,running
P12,22,walking
P12,22,walking
P12,22,cycling
P12,22,cycling
P12,22,walking
P12,23,walking
P12,23,walking
P12,23,walking
P12,23,walking
P12,23,walking
P12,23,sedentary
P12,23,running
P12,23,cycling
P12,23,walking
P12,23,walking
P12,23,walking
P12,23,walking
P12,23,walking
P12,24,cycling
P12,24,running
P12,24,running
P12,24,sedentary
P12,24,walking
P12,24,walking
P12,25,cycling
P12,25,sedentary
P12,25,walking
P12,25,cycling
P12,25,sedentary
P12,25,cycling
P12,25,running
P12,25,cycling
P12,25,cycling
P12,25,cycling
P12,25,walking
P12,25,walking
P12,25,sedentary
P12,26,sedentary
P12,26,sedentary
P12,26,sedentary
P12,26,walking
P12,26,cycling
P12,27,cycling
P12,27,running
P12,27,cycling
P12,27,cycling
P12,27,running
P12,27,walking
P12,28,walking
P12,28,walking
P12,28,walking
P12,28,sedentary
P12,28,sedentary
P12,28,sedentary
P12,28,sedentary
P12,29,walking
P12,29,walking
P12,29,cycling
P12,29,cycling
P12,29,running
P12,30,running
P12,30,walking
P12,30,running
P12,30,running
P12,30,running
P12,30,walking
P13,1,sedentary
P13,1,walking
P13,1,running
P13,1,walking
P13,1,cycling
P13,1,walking
P13,1,cycling
P13,2,sedentary
P13,2,cycling
P13,2,cycling
P13,2,running
P13,2,walking
P13,2,walking
P13,2,walking
P13,2,running
P13,2,running
P13,2,walking
P13,2,walking
P13,2,running
P13,2,walking
P13,3,walking
P13,3,walking
P13,3,walking
P13,3,walking
P13,3,running
P13,3,walking
P13,3,walking
P13,3,cycling
P13,3,walking
P13,3,walking
P13,4,sedentary
P13,4,walking
P13,4,walking
P13,4,sedentary
P13,4,running
P13,4,sedentary
P13,4,running
P13,5,sedentary
P13,5,cycling
P13,5,walking
P13,5,walking
P13,5,walking
P13,5,walking
P13,5,walking
P13,6,walking
P13,6,walking
P13,6,running
P13,6,running
P13,6,walking
P13,6,cycling
P13,6,walking
P13,6,walking
P13,6,walking
P13,6,running
P13,6,walking
P13,6,walking
P13,7,walking
P13,7,cycling
P13,7,walking
P13,7,sedentary
P13,7,walking
P13,7,walking
P13,7,walking
P13,7,walking
P13,8,sedentary
P13,8,running
P13,8,running
P13,8,cycling
P13,8,cycling
P13,8,sedentary
P13,8,sedentary
P13,8,cycling
P13,8,walking
P13,8,sedentary
P13,8,walking
P13,8,walking
P13,8,sedentary
P13,9,walking
P13,9,sedentary
P13,9,walking
P13,9,walking
P13,9,walking
P13,9,walking
P13,9,sedentary
P13,9,walking
P13,9,running
P13,10,walking
P13,10,walking
P13,10,sedentary
P13,10,cycling
P13,10,sedentary
P13,10,walking
P13,10,sedentary
P13,10,sedentary
P13,10,cycling
P13,10,sedentary
P13,11,walking
P13,11,cycling
P13,11,cycling
P13,11,running
P13,11,walking
P13,11,running
P13,11,walking
P13,11,walking
P13,11,cycling
P13,11,cycling
P13,11,walking
P13,12,running
P13,12,sedentary
P13,12,sedentary
P13,12,sedentary
P13,12,sedentary
P13,12,walking
P13,12,sedentary
P13,13,cycling
P13,13,cycling
P13,13,walking
P13,13,sedentary
P13,13,sedentary
P13,14,walking
P13,14,walking
P13,14,walking
P13,14,sedentary
P13,14,sedentary
P13,14,walking
P13,14,sedentary
P13,14,sedentary
P13,14,sedentary
P13,14,walking
P13,15,walking
P13,15,sedentary
P13,15,walking
P13,15,walking
P13,15,cycling
P13,15,walking
P13,15,walking
P13,15,walking
P13,15,walking
P13,15,walking
P13,15,walking
P13,15,walking
P13,16,cycling
P13,16,walking
P13,16,sedentary
P13,16,sedentary
P13,16,walking
P13,16,sedentary
P13,16,sedentary
P13,16,sedentary
P13,16,running
P13,17,cycling
P13,17,walking
P13,17,sedentary
P13,17,walking
P13,17,walking
P13,17,cycling
P13,17,running
P13,17,sedentary
P13,17,walking
P13,17,walking
P13,17,sedentary
P13,17,running
P13,18,walking
P13,18,running
P13,18,walking
P13,18,running
P13,18,sedentary
P13,18,sedentary
P13,19,cycling
P13,19,walking
P13,19,sedentary
P13,19,cycling
P13,19,cycling
P13,19,walking
P13,19,sedentary
P13,20,walking
P13,20,cycling
P13,20,walking
P13,20,walking
P13,20,walking
P13,20,walking
P13,20,sedentary
P13,20,walking
P13,20,cycling
P13,20,cycling
P13,20,sedentary
P13,20,walking
P13,21,walking
P13,21,walking
P13,21,walking
P13,21,running
P13,21,sedentary
P13,21,walking
P13,21,walking
P13,21,walking
P13,21,running
P13,21,walking
P13,21,sedentary
P13,21,running
P13,22,walking
P13,22,sedentary
P13,22,walking
P13,22,walking
P13,22,cycling
P13,22,running
P13,22,walking
P13,22,walking
P13,22,sedentary
P13,22,walking
P13,22,sedentary
P13,22,cycling
P13,22,walking
P13,23,walking
P13,23,walking
P13,23,sedentary
P13,23,cycling
P13,23,cycling
P13,24,sedentary
P13,24,walking
P13,24,sedentary
P13,24,walking
P13,24,walking
P13,25,running
P13,25,sedentary
P13,25,walking
P13,25,running
P13,25,running
P13,25,walking
P13,25,sedentary
P13,25,sedentary
P13,25,cycling
P13,25,sedentary
P13,25,cycling
P13,25,walking
P13,26,walking
P13,26,running
P13,26,walking
P13,26,walking
P13,26,cycling
P13,27,walking
P13,27,walking
P13,27,sedentary
P13,27,walking
P13,27,walking
P13,27,walking
P13,27,walking
P13,27,walking
P13,27,sedentary
P13,27,walking
P13,27,walking
P13,27,cycling
P13,27,running
P13,27,sedentary
P13,28,cycling
P13,28,walking
P13,28,running
P13,28,walking
P13,28,sedentary
P13,28,walking
P13,28,running
P13,28,walking
P13,28,sedentary
P13,28,sedentary
P13,28,walking
P13,29,walking
P13,29,cycling
P13,29,walking
P13,29,walking
P13,29,walking
P13,29,walking
P13,30,walking
P13,30,sedentary
P13,30,walking
P13,30,sedentary
P13,30,sedentary
P13,30,walking
P13,30,running
P14,1,walking
P14,1,running
P14,1,walking
P14,1,walking
P14,1,walking
P14,1,sedentary
P14,1,sedentary
P14,1,running
P14,1,walking
P14,1,walking
P14,1,sedentary
P14,2,walking
P14,2,walking
P14,2,walking
P14,2,walking
P14,2,sedentary
P14,2,walking
P14,3,walking
P14,3,walking
P14,3,walking
P14,3,sedentary
P14,3,walking
P14,3,sedentary
P14,3,walking
P14,3,walking
P14,3,running
P14,3,cycling
P14,3,walking
P14,3,walking
P14,4,walking
P14,4,running
P14,4,sedentary
P14,4,sedentary
P14,4,sedentary
P14,4,sedentary
P14,4,sedentary
P14,4,walking
P14,4,walking
P14,4,walking
P14,5,sedentary
P14,5,walking
P14,5,running
P14,5,cycling
P14,5,walking
P14,5,walking
P14,5,sedentary
P14,5,cycling
P14,6,cycling
P14,6,walking
P14,6,running
P14,6,walking
P14,6,walking
P14,6,walking
P14,6,walking
P14,6,walking
P14,6,sedentary
P14,6,sedentary
P14,6,walking
P14,6,walking
P14,6,walking
P14,7,cycling
P14,7,running
P14,7,sedentary
P14,7,running
P14,7,cycling
P14,7,running
P14,7,running
P14,7,sedentary
P14,7,cycling
P14,7,cycling
P14,7,running
P14,7,running
P14,7,cycling
P14,8,cycling
P14,8,sedentary
P14,8,walking
P14,8,walking
P14,8,walking
P14,8,cycling
P14,8,walking
P14,8,walking
P14,8,running
P14,8,sedentary
P14,8,walking
P14,8,walking
P14,8,walking
P14,8,walking
P14,9,running
P14,9,sedentary
P14,9,running
P14,9,running
P14,9,sedentary
P14,9,cycling
P14,9,walking
P14,9,running
P14,9,running
P14,9,walking
P14,9,running
P14,9,walking
P14,9,walking
P14,9,walking
P14,10,walking
P14,10,walking
P14,10,cycling
P14,10,walking
P14,10,walking
P14,10,walking
P14,10,walking
P14,10,walking
P14,10,walking
P14,10,sedentary
P14,10,walking
P14,10,running
P14,10,walking
P14,10,walking
P14,11,walking
P14,11,running
P14,11,running
P14,11,cycling
P14,11,walking
P14,12,sedentary
P14,12,running
P14,12,running
P14,12,walking
P14,12,walking
P14,12,sedentary
P14,13,walking
P14,13,sedentary
P14,13,walking
P14,13,walking
P14,13,running
P14,13,running
P14,14,walking
P14,14,running
P14,14,walking
P14,14,sedentary
P14,14,walking
P14,14,running
P14,14,cycling
P14,14,walking
P14,14,cycling
P14,14,sedentary
P14,14,walking
P14,14,sedentary
P14,14,running
P14,15,walking
P14,15,walking
P14,15,cycling
P14,15,sedentary
P14,15,sedentary
P14,16,sedentary
P14,16,sedentary
P14,16,cycling
P14,16,cycling
P14,16,sedentary
P14,16,sedentary
P14,16,walking
P14,16,walking
P14,16,walking
P14,16,cycling
P14,16,running
P14,16,cycling
P14,17,cycling
P14,17,walking
P14,17,cycling
P14,17,running
P14,17,walking
P14,17,walking
P14,17,cycling
P14,17,running
P14,17,walking
P14,17,sedentary
P14,18,sedentary
P14,18,walking
P14,18,running
P14,18,sedentary
P14,18,running
P14,18,cycling
P14,18,walking
P14,18,walking
P14,18,walking
P14,18,walking
P14,18,walking
P14,18,walking
P14,18,sedentary
P14,18,walking
P14,19,walking
P14,19,walking
P14,19,cycling
P14,19,sedentary
P14,19,sedentary
P14,19,running
P14,19,cycling
P14,19,sedentary
P14,19,walking
P14,19,walking
P14,19,sedentary
P14,20,running
P14,20,walking
P14,20,walking
P14,20,sedentary
P14,20,cycling
P14,20,walking
P14,20,walking
P14,20,running
P14,20,running
P14,20,walking
P14,21,walking
P14,21,sedentary
P14,21,sedentary
P14,21,walking
P14,21,walking
P14,21,walking
P14,21,cycling
P14,21,running
P14,21,cycling
P14,22,walking
P14,22,walking
P14,22,walking
P14,22,running
P14,22,sedentary
P14,22,cycling
P14,22,walking
P14,22,sedentary
P14,22,cycling
P14,22,sedentary
P14,23,walking
P14,23,walking
P14,23,cycling
P14,23,walking
P14,23,walking
P14,23,running
P14,23,running
P14,23,cycling
P14,23,walking
P14,23,walking
P14,23,cycling
P14,24,running
P14,24,walking
P14,24,walking
P14,24,cycling
P14,24,walking
P14,24,walking
P14,24,running
P14,24,walking
P14,25,walking
P14,25,walking
P14,25,walking
P14,25,cycling
P14,25,sedentary
P14,25,walking
P14,25,sedentary
P14,25,walking
P14,25,running
P14,25,sedentary
P14,25,cycling
P14,25,sedentary
P14,25,walking
P14,26,sedentary
P14,26,walking
P14,26,walking
P14,26,cycling
P14,26,sedentary
P14,26,sedentary
P14,26,walking
P14,26,sedentary
P14,26,walking
P14,26,walking
P14,26,cycling
P14,27,running
P14,27,walking
P14,27,sedentary
P14,27,running
P14,27,cycling
P14,27,walking
P14,27,running
P14,27,walking
P14,27,walking
P14,27,walking
P14,28,walking
P14,28,running
P14,28,sedentary
P14,28,walking
P14,28,running
P14,28,walking
P14,28,walking
P14,28,walking
P14,28,sedentary
P14,28,walking
P14,28,walking
P14,28,walking
P14,28,sedentary
P14,28,walking
P14,29,walking
P14,29,cycling
P14,29,sedentary
P14,29,walking
P14,29,cycling
P14,30,cycling
P14,30,sedentary
P14,30,walking
P14,30,walking
P14,30,sedentary
P14,30,sedentary
P14,30,running
P14,30,running
P14,30,walking
P14,30,running
P14,30,sedentary
P14,30,cycling
P15,1,walking
P15,1,walking
P15,1,walking
P15,1,walking
P15,1,walking
P15,1,walking
P15,1,walking
P15,2,walking
P15,2,walking
P15,2,walking
P15,2,walking
P15,2,running
P15,2,walking
P15,2,sedentary
P15,2,sedentary
P15,2,cycling
P15,3,walking
P15,3,cycling
P15,3,walking
P15,3,cycling
P15,3,sedentary
P15,3,running
P15,4,running
P15,4,sedentary
P15,4,walking
P15,4,sedentary
P15,4,cycling
P15,4,sedentary
P15,4,cycling
P15,4,walking
P15,4,walking
P15,4,walking
P15,4,sedentary
P15,5,walking
P15,5,walking
P15,5,cycling
P15,5,walking
P15,5,walking
P15,5,walking
P15,5,cycling
P15,5,sedentary
P15,5,sedentary
P15,5,running
P15,5,walking
P15,5,walking
P15,6,walking
P15,6,walking
P15,6,walking
P15,6,sedentary
P15,6,walking
P15,6,running
P15,6,walking
P15,6,walking
P15,6,walking
P15,6,sedentary
P15,6,sedentary
P15,7,running
P15,7,sedentary
P15,7,walking
P15,7,sedentary
P15,7,walking
P15,7,sedentary
P15,7,sedentary
P15,7,sedentary
P15,7,cycling
P15,7,walking
P15,7,sedentary
P15,7,walking
P15,7,walking
P15,8,cycling
P15,8,sedentary
P15,8,sedentary
P15,8,walking
P15,8,walking
P15,8,walking
P15,8,walking
P15,8,walking
P15,8,walking
P15,8,sedentary
P15,8,sedentary
P15,8,walking
P15,9,sedentary
P15,9,walking
P15,9,sedentary
P15,9,walking
P15,9,sedentary
P15,9,walking
P15,9,sedentary
P15,9,walking
P15,10,walking
P15,10,running
P15,10,running
P15,10,walking
P15,10,walking
P15,10,walking
P15,10,sedentary
P15,10,walking
P15,10,walking
P15,10,walking
P15,10,cycling
P15,11,walking
P15,11,walking
P15,11,running
P15,11,sedentary
P15,11,walking
P15,12,walking
P15,12,sedentary
P15,12,walking
P15,12,walking
P15,12,running
P15,13,walking
P15,13,cycling
P15,13,cycling
P15,13,walking
P15,13,walking
P15,13,sedentary
P15,13,walking
P15,13,running
P15,13,sedentary
P15,13,cycling
P15,13,running
P15,14,sedentary
P15,14,walking
P15,14,running
P15,14,sedentary
P15,14,cycling
P15,14,sedentary
P15,14,sedentary
P15,14,walking
P15,15,walking
P15,15,cycling
P15,15,sedentary
P15,15,walking
P15,15,walking
P15,15,walking
P15,15,sedentary
P15,15,walking
P15,15,walking
P15,15,running
P15,15,sedentary
P15,16,walking
P15,16,walking
P15,16,walking
P15,16,walking
P15,16,sedentary
P15,16,running
P15,16,walking
P15,17,walking
P15,17,sedentary
P15,17,walking
P15,17,sedentary
P15,17,running
P15,17,walking
P15,17,sedentary
P15,17,running
P15,17,cycling
P15,18,running
P15,18,walking
P15,18,sedentary
P15,18,cycling
P15,18,sedentary
P15,18,walking
P15,18,walking
P15,19,walking
P15,19,running
P15,19,cycling
P15,19,walking
P15,19,walking
P15,19,sedentary
P15,19,walking
P15,19,sedentary
P15,19,sedentary
P15,19,walking
P15,19,running
P15,19,running
P15,19,walking
P15,19,sedentary
P15,20,sedentary
P15,20,running
P15,20,sedentary
P15,20,walking
P15,20,sedentary
P15,21,running
P15,21,walking
P15,21,sedentary
P15,21,walking
P15,21,running
P15,21,walking
P15,21,walking
P15,21,walking
P15,22,running
P15,22,sedentary
P15,22,walking
P15,22,walking
P15,22,cycling
P15,23,walking
P15,23,walking
P15,23,walking
P15,23,sedentary
P15,23,running
P15,23,cycling
P15,23,walking
P15,23,walking
P15,23,walking
P15,23,sedentary
P15,24,sedentary
P15,24,cycling
P15,24,running
P15,24,cycling
P15,24,sedentary
P15,24,sedentary
P15,25,walking
P15,25,cycling
P15,25,cycling
P15,25,sedentary
P15,25,walking
P15,25,running
P15,26,sedentary
P15,26,walking
P15,26,walking
P15,26,walking
P15,26,walking
P15,27,cycling
P15,27,walking
P15,27,running
P15,27,cycling
P15,27,running
P15,27,sedentary
P15,27,cycling
P15,27,walking
P15,28,sedentary
P15,28,walking
P15,28,sedentary
P15,28,walking
P15,28,walking
P15,28,walking
P15,28,walking
P15,28,running
P15,28,sedentary
P15,28,walking
P15,28,cycling
P15,28,walking
P15,29,walking
P15,29,walking
P15,29,walking
P15,29,walking
P15,29,running
P15,30,cycling
P15,30,sedentary
P15,30,walking
P15,30,running
P15,30,sedentary
P15,30,cycling
P16,1,walking
P16,1,running
P16,1,walking
P16,1,sedentary
P16,1,walking
P16,1,sedentary
P16,1,sedentary
P16,1,walking
P16,2,sedentary
P16,2,walking
P16,2,sedentary
P16,2,walking
P16,2,walking
P16,2,walking
P16,2,walking
P16,2,walking
P16,3,walking
P16,3,walking
P16,3,walking
P16,3,walking
P16,3,running
P16,3,walking
P16,3,walking
P16,3,walking
P16,3,sedentary
P16,3,walking
P16,3,walking
P16,4,sedentary
P16,4,walking
P16,4,walking
P16,4,sedentary
P16,4,walking
P16,4,running
P16,4,walking
P16,4,running
P16,4,sedentary
P16,4,walking
P16,4,walking
P16,4,cycling
P16,4,sedentary
P16,4,walking
P16,5,sedentary
P16,5,cycling
P16,5,walking
P16,5,walking
P16,5,running
P16,5,walking
P16,5,walking
P16,6,walking
P16,6,walking
P16,6,walking
P16,6,walking
P16,6,walking
P16,6,cycling
P16,7,walking
P16,7,sedentary
P16,7,sedentary
P16,7,walking
P16,7,walking
P16,7,walking
P16,7,cycling
P16,8,walking
P16,8,running
P16,8,sedentary
P16,8,sedentary
P16,8,sedentary
P16,8,walking
P16,8,cycling
P16,9,walking
P16,9,cycling
P16,9,sedentary
P16,9,sedentary
P16,9,walking
P16,9,walking
P16,9,sedentary
P16,9,walking
P16,9,walking
P16,9,sedentary
P16,9,sedentary
P16,9,sedentary
P16,10,cycling
P16,10,sedentary
P16,10,walking
P16,10,cycling
P16,10,cycling
P16,10,sedentary
P16,10,walking
P16,10,sedentary
P16,10,running
P16,11,running
P16,11,walking
P16,11,running
P16,11,sedentary
P16,11,running
P16,11,cycling
P16,11,running
P16,12,walking
P16,12,walking
P16,12,walking
P16,12,sedentary
P16,12,walking
P16,12,cycling
P16,12,walking
P16,12,walking
P16,12,running
P16,12,walking
P16,12,running
P16,12,walking
P16,13,walking
P16,13,sedentary
P16,13,sedentary
P16,13,sedentary
P16,13,walking
P16,13,cycling
P16,13,sedentary
P16,13,running
P16,13,cycling
P16,13,running
P16,13,running
P16,14,sedentary
P16,14,walking
P16,14,sedentary
P16,14,running
P16,14,walking
P16,14,walking
P16,14,walking
P16,14,sedentary
P16,14,walking
P16,14,walking
P16,14,running
P16,15,sedentary
P16,15,running
P16,15,running
P16,15,walking
P16,15,cycling
P16,15,sedentary
P16,16,cycling
P16,16,walking
P16,16,walking
P16,16,walking
P16,16,walking
P16,16,walking
P16,16,walking
P16,16,walking
P16,17,sedentary
P16,17,sedentary
P16,17,running
P16,17,running
P16,17,running
P16,17,sedentary
P16,17,sedentary
P16,17,walking
P16,17,walking
P16,17,running
P16,17,sedentary
P16,18,cycling
P16,18,sedentary
P16,18,walking
P16,18,walking
P16,18,walking
P16,18,walking
P16,18,walking
P16,18,walking
P16,19,sedentary
P16,19,running
P16,19,running
P16,19,walking
P16,19,sedentary
P16,19,sedentary
P16,20,walking
P16,20,walking
P16,20,sedentary
P16,20,cycling
P16,20,running
P16,20,walking
P16,20,walking
P16,20,running
P16,21,walking
P16,21,walking
P16,21,sedentary
P16,21,walking
P16,21,sedentary
P16,21,sedentary
P16,21,cycling
P16,21,sedentary
P16,21,cycling
P16,21,cycling
P16,21,walking
P16,21,walking
P16,21,walking
P16,21,cycling
P16,22,walking
P16,22,walking
P16,22,cycling
P16,22,sedentary
P16,22,sedentary
P16,23,sedentary
P16,23,cycling
P16,23,running
P16,23,running
P16,23,walking
P16,23,sedentary
P16,23,walking
P16,23,walking
P16,23,cycling
P16,24,walking
P16,24,sedentary
P16,24,sedentary
P16,24,sedentary
P16,24,walking
P16,24,sedentary
P16,24,walking
P16,24,walking
P16,24,running
P16,24,walking
P16,25,sedentary
P16,25,cycling
P16,25,sedentary
P16,25,walking
P16,25,walking
P16,25,sedentary
P16,25,walking
P16,25,walking
P16,25,running
P16,25,walking
P16,25,walking
P16,25,sedentary
P16,25,running
P16,25,walking
P16,26,sedentary
P16,26,walking
P16,26,walking
P16,26,sedentary
P16,26,cycling
P16,26,cycling
P16,26,sedentary
P16,26,cycling
P16,26,walking
P16,26,cycling
P16,26,walking
P16,26,sedentary
P16,27,walking
P16,27,running
P16,27,walking
P16,27,walking
P16,27,cycling
P16,28,cycling
P16,28,sedentary
P16,28,cycling
P16,28,sedentary
P16,28,walking
P16,28,cycling
P16,28,sedentary
P16,28,walking
P16,28,cycling
P16,28,walking
P16,28,sedentary
P16,28,walking
P16,28,running
P16,28,walking
P16,29,walking
P16,29,walking
P16,29,running
P16,29,sedentary
P16,29,walking
P16,29,walking
P16,29,sedentary
P16,29,running
P16,29,sedentary
P16,29,walking
P16,29,cycling
P16,30,sedentary
P16,30,running
P16,30,walking
P16,30,sedentary
P16,30,running
P16,30,sedentary
P16,30,sedentary
P16,30,walking
P16,30,walking
P16,30,sedentary
P17,1,walking
P17,1,running
P17,1,walking
P17,1,sedentary
P17,1,walking
P17,1,sedentary
P17,1,walking
P17,1,cycling
P17,1,sedentary
P17,1,walking
P17,1,sedentary
P17,1,running
P17,1,sedentary
P17,2,running
P17,2,walking
P17,2,sedentary
P17,2,walking
P17,2,running
P17,3,running
P17,3,walking
P17,3,walking
P17,3,running
P17,3,cycling
P17,3,sedentary
P17,3,running
P17,3,walking
P17,3,walking
P17,3,walking
P17,3,walking
P17,3,walking
P17,3,walking
P17,3,walking
P17,4,walking
P17,4,walking
P17,4,walking
P17,4,walking
P17,4,running
P17,4,walking
P17,4,walking
P17,4,walking
P17,4,walking
P17,4,walking
P17,4,running
P17,5,sedentary
P17,5,cycling
P17,5,walking
P17,5,sedentary
P17,5,walking
P17,6,sedentary
P17,6,sedentary
P17,6,walking
P17,6,running
P17,6,walking
P17,6,walking
P17,6,running
P17,7,sedentary
P17,7,sedentary
P17,7,walking
P17,7,sedentary
P17,7,cycling
P17,7,walking
P17,7,walking
P17,7,walking
P17,7,sedentary
P17,7,cycling
P17,7,cycling
P17,7,walking
P17,7,cycling
P17,7,walking
P17,8,cycling
P17,8,walking
P17,8,sedentary
P17,8,walking
P17,8,cycling
P17,8,walking
P17,8,running
P17,8,walking
P17,9,sedentary
P17,9,walking
P17,9,sedentary
P17,9,sedentary
P17,9,walking
P17,9,walking
P17,9,cycling
P17,9,sedentary
P17,9,sedentary
P17,9,running
P17,9,sedentary
P17,9,walking
P17,9,sedentary
P17,9,sedentary
P17,10,walking
P17,10,walking
P17,10,walking
P17,10,sedentary
P17,10,walking
P17,11,walking
P17,11,sedentary
P17,11,cycling
P17,11,walking
P17,11,walking
P17,11,sedentary
P17,11,sedentary
P17,11,walking
P17,11,walking
P17,11,walking
P17,11,walking
P17,11,running
P17,11,sedentary
P17,12,walking
P17,12,running
P17,12,walking
P17,12,cycling
P17,12,sedentary
P17,12,walking
P17,13,cycling
P17,13,walking
P17,13,walking
P17,13,running
P17,13,sedentary
P17,13,running
P17,14,walking
P17,14,sedentary
P17,14,running
P17,14,sedentary
P17,14,walking
P17,14,cycling
P17,14,cycling
P17,14,walking
P17,14,walking
P17,14,walking
P17,14,walking
P17,14,sedentary
P17,15,walking
P17,15,walking
P17,15,cycling
P17,15,sedentary
P17,15,sedentary
P17,15,walking
P17,16,sedentary
P17,16,walking
P17,16,sedentary
P17,16,walking
P17,16,walking
P17,16,walking
P17,16,running
P17,16,running
P17,16,running
P17,16,walking
P17,16,walking
P17,16,cycling
P17,17,sedentary
P17,17,walking
P17,17,sedentary
P17,17,walking
P17,17,walking
P17,17,walking
P17,17,walking
P17,18,sedentary
P17,18,walking
P17,18,walking
P17,18,sedentary
P17,18,cycling
P17,18,walking
P17,18,running
P17,18,walking
P17,18,cycling
P17,19,running
P17,19,walking
P17,19,walking
P17,19,walking
P17,19,sedentary
P17,19,sedentary
P17,19,walking
P17,19,running
P17,19,cycling
P17,19,cycling
P17,19,walking
P17,20,sedentary
P17,20,walking
P17,20,sedentary
P17,20,running
P17,20,cycling
P17,20,running
P17,20,walking
P17,20,walking
P17,20,walking
P17,20,cycling
P17,20,walking
P17,20,sedentary
P17,20,walking
P17,20,walking
P17,21,sedentary
P17,21,sedentary
P17,21,sedentary
P17,21,walking
P17,21,walking
P17,21,walking
P17,22,walking
P17,22,cycling
P17,22,cycling
P17,22,walking
P17,22,walking
P17,22,sedentary
P17,22,sedentary
P17,22,walking
P17,22,running
P17,22,sedentary
P17,23,walking
P17,23,running
P17,23,walking
P17,23,walking
P17,23,walking
P17,23,running
P17,24,sedentary
P17,24,sedentary
P17,24,cycling
P17,24,walking
P17,24,walking
P17,24,sedentary
P17,24,walking
P17,24,walking
P17,24,cycling
P17,24,walking
P17,24,walking
P17,25,cycling
P17,25,sedentary
P17,25,walking
P17,25,walking
P17,25,sedentary
P17,25,cycling
P17,26,walking
P17,26,cycling
P17,26,sedentary
P17,26,cycling
P17,26,walking
P17,27,walking
P17,27,sedentary
P17,27,walking
P17,27,sedentary
P17,27,running
P17,28,sedentary
P17,28,walking
P17,28,sedentary
P17,28,sedentary
P17,28,sedentary
P17,29,running
P17,29,sedentary
P17,29,walking
P17,29,sedentary
P17,29,walking
P17,29,running
P17,29,walking
P17,29,sedentary
P17,29,walking
P17,29,walking
P17,29,sedentary
P17,29,running
P17,30,walking
P17,30,cycling
P17,30,walking
P17,30,walking
P17,30,running
P17,30,walking
P17,30,sedentary
P17,30,sedentary
P17,30,cycling
P17,30,sedentary
P17,30,cycling
P18,1,running
P18,1,sedentary
P18,1,running
P18,1,walking
P18,1,cycling
P18,1,walking
P18,1,sedentary
P18,1,cycling
P18,1,walking
P18,1,sedentary
P18,1,running
P18,1,walking
P18,1,cycling
P18,2,sedentary
P18,2,sedentary
P18,2,sedentary
P18,2,running
P18,2,running
P18,2,sedentary
P18,2,walking
P18,2,running
P18,2,running
P18,2,walking
P18,2,walking
P18,2,sedentary
P18,2,sedentary
P18,3,walking
P18,3,walking
P18,3,walking
P18,3,walking
P18,3,cycling
P18,3,sedentary
P18,3,sedentary
P18,3,cycling
P18,3,walking
P18,3,walking
P18,3,walking
P18,3,sedentary
P18,4,walking
P18,4,sedentary
P18,4,running
P18,4,walking
P18,4,walking
P18,4,walking
P18,5,running
P18,5,sedentary
P18,5,running
P18,5,walking
P18,5,walking
P18,5,running
P18,6,walking
P18,6,running
P18,6,running
P18,6,sedentary
P18,6,walking
P18,7,running
P18,7,sedentary
P18,7,sedentary
P18,7,walking
P18,7,walking
P18,7,running
P18,8,sedentary
P18,8,sedentary
P18,8,cycling
P18,8,running
P18,8,running
P18,9,walking
P18,9,sedentary
P18,9,walking
P18,9,walking
P18,9,running
P18,9,walking
P18,9,walking
P18,9,walking
P18,9,running
P18,9,running
P18,9,walking
P18,9,walking
P18,9,sedentary
P18,9,walking
P18,10,walking
P18,10,running
P18,10,walking
P18,10,cycling
P18,10,walking
P18,11,walking
P18,11,walking
P18,11,sedentary
P18,11,walking
P18,11,running
P18,11,walking
P18,11,cycling
P18,11,walking
P18,11,sedentary
P18,12,sedentary
P18,12,walking
P18,12,cycling
P18,12,walking
P18,12,sedentary
P18,12,walking
P18,12,walking
P18,12,running
P18,12,walking
P18,12,walking
P18,12,sedentary
P18,12,sedentary
P18,12,walking
P18,12,sedentary
P18,13,walking
P18,13,sedentary
P18,13,running
P18,13,running
P18,13,walking
P18,13,cycling
P18,14,walking
P18,14,walking
P18,14,walking
P18,14,sedentary
P18,14,sedentary
P18,14,sedentary
P18,14,running
P18,14,walking
P18,14,walking
P18,14,walking
P18,15,walking
P18,15,sedentary
P18,15,walking
P18,15,walking
P18,15,cycling
P18,15,cycling
P18,15,cycling
P18,15,walking
P18,15,sedentary
P18,16,running
P18,16,walking
P18,16,walking
P18,16,sedentary
P18,16,sedentary
P18,16,walking
P18,16,running
P18,17,walking
P18,17,sedentary
P18,17,walking
P18,17,cycling
P18,17,walking
P18,17,cycling
P18,17,running
P18,17,cycling
P18,17,walking
P18,17,cycling
P18,18,cycling
P18,18,running
P18,18,sedentary
P18,18,walking
P18,18,cycling
P18,18,sedentary
P18,18,walking
P18,19,walking
P18,19,sedentary
P18,19,walking
P18,19,walking
P18,19,walking
P18,19,cycling
P18,19,walking
P18,19,sedentary
P18,19,running
P18,19,running
P18,19,running
P18,19,walking
P18,20,walking
P18,20,running
P18,20,walking
P18,20,walking
P18,20,sedentary
P18,20,walking
P18,21,walking
P18,21,walking
P18,21,walking
P18,21,walking
P18,21,walking
P18,22,cycling
P18,22,sedentary
P18,22,sedentary
P18,22,cycling
P18,22,walking
P18,22,walking
P18,22,sedentary
P18,22,walking
P18,22,walking
P18,22,cycling
P18,22,walking
P18,22,sedentary
P18,23,walking
P18,23,sedentary
P18,23,sedentary
P18,23,running
P18,23,walking
P18,23,sedentary
P18,23,cycling
P18,23,sedentary
P18,23,cycling
P18,23,walking
P18,24,sedentary
P18,24,sedentary
P18,24,walking
P18,24,walking
P18,24,walking
P18,24,walking
P18,24,sedentary
P18,24,cycling
P18,25,walking
P18,25,walking
P18,25,cycling
P18,25,walking
P18,25,sedentary
P18,25,sedentary
P18,25,walking
P18,25,running
P18,25,sedentary
P18,25,running
P18,25,walking
P18,26,sedentary
P18,26,walking
P18,26,walking
P18,26,walking
P18,26,walking
P18,26,cycling
P18,26,walking
P18,26,walking
P18,26,cycling
P18,26,running
P18,26,walking
P18,26,walking
P18,26,walking
P18,26,walking
P18,27,running
P18,27,walking
P18,27,walking
P18,27,walking
P18,27,walking
P18,27,running
P18,27,cycling
P18,27,cycling
P18,27,sedentary
P18,27,walking
P18,27,walking
P18,27,sedentary
P18,27,walking
P18,28,running
P18,28,sedentary
P18,28,walking
P18,28,sedentary
P18,28,walking
P18,28,sedentary
P18,28,sedentary
P18,28,cycling
P18,28,cycling
P18,28,running
P18,28,sedentary
P18,28,sedentary
P18,28,sedentary
P18,29,walking
P18,29,sedentary
P18,29,walking
P18,29,sedentary
P18,29,running
P18,29,sedentary
P18,29,cycling
P18,29,walking
P18,29,running
P18,29,sedentary
P18,30,sedentary
P18,30,running
P18,30,walking
P18,30,walking
P18,30,sedentary
P18,30,walking
P18,30,sedentary
P18,30,sedentary
P18,30,walking
P18,30,walking
P18,30,cycling
P18,30,walking
P19,1,walking
P19,1,cycling
P19,1,walking
P19,1,running
P19,1,running
P19,1,walking
P19,1,walking
P19,1,cycling
P19,1,sedentary
P19,1,sedentary
P19,1,running
P19,1,cycling
P19,2,walking
P19,2,walking
P19,2,running
P19,2,walking
P19,2,walking
P19,2,cycling
P19,2,cycling
P19,2,walking
P19,2,walking
P19,2,walking
P19,2,walking
P19,2,cycling
P19,2,walking
P19,3,walking
P19,3,walking
P19,3,cycling
P19,3,running
P19,3,running
P19,3,walking
P19,3,cycling
P19,3,walking
P19,3,walking
P19,3,running
P19,3,walking
P19,3,walking
P19,3,cycling
P19,3,cycling
P19,4,walking
P19,4,walking
P19,4,walking
P19,4,sedentary
P19,4,running
P19,4,cycling
P19,4,walking
P19,4,running
P19,4,walking
P19,4,running
P19,4,sedentary
P19,5,running
P19,5,running
P19,5,sedentary
P19,5,cycling
P19,5,walking
P19,5,running
P19,5,walking
P19,5,running
P19,5,running
P19,5,running
P19,5,walking
P19,5,walking
P19,5,running
P19,5,sedentary
P19,6,walking
P19,6,sedentary
P19,6,sedentary
P19,6,walking
P19,6,walking
P19,6,cycling
P19,6,sedentary
P19,6,sedentary
P19,6,sedentary
P19,7,walking
P19,7,cycling
P19,7,cycling
P19,7,sedentary
P19,7,cycling
P19,7,running
P19,7,sedentary
P19,7,walking
P19,7,sedentary
P19,8,walking
P19,8,walking
P19,8,sedentary
P19,8,cycling
P19,8,sedentary
P19,8,walking
P19,8,running
P19,8,walking
P19,8,walking
P19,8,sedentary
P19,9,running
P19,9,sedentary
P19,9,running
P19,9,sedentary
P19,9,cycling
P19,10,walking
P19,10,walking
P19,10,running
P19,10,sedentary
P19,10,walking
P19,10,walking
P19,10,sedentary
P19,10,walking
P19,10,walking
P19,10,walking
P19,10,walking
P19,10,sedentary
P19,11,sedentary
P19,11,walking
P19,11,sedentary
P19,11,walking
P19,11,walking
P19,11,running
P19,12,walking
P19,12,sedentary
P19,12,sedentary
P19,12,walking
P19,12,running
P19,12,cycling
P19,12,sedentary
P19,12,sedentary
P19,12,running
P19,12,sedentary
P19,12,running
P19,12,running
P19,12,walking
P19,13,walking
P19,13,walking
P19,13,cycling
P19,13,walking
P19,13,running
P19,13,running
P19,13,sedentary
P19,13,running
P19,13,walking
P19,13,running
P19,14,walking
P19,14,walking
P19,14,walking
P19,14,running
P19,14,cycling
P19,14,walking
P19,15,walking
P19,15,cycling
P19,15,sedentary
P19,15,cycling
P19,15,sedentary
P19,15,sedentary
P19,15,running
P19,16,sedentary
P19,16,walking
P19,16,walking
P19,16,sedentary
P19,16,cycling
P19,16,walking
P19,17,sedentary
P19,17,running
P19,17,cycling
P19,17,sedentary
P19,17,cycling
P19,17,running
P19,17,cycling
P19,17,cycling
P19,17,cycling
P19,17,walking
P19,18,sedentary
P19,18,walking
P19,18,walking
P19,18,running
P19,18,sedentary
P19,18,walking
P19,18,walking
P19,19,cycling
P19,19,walking
P19,19,walking
P19,19,walking
P19,19,sedentary
P19,19,walking
P19,19,walking
P19,19,running
P19,19,sedentary
P19,19,cycling
P19,19,sedentary
P19,19,sedentary
P19,19,walking
P19,19,cycling
P19,20,sedentary
P19,20,sedentary
P19,20,sedentary
P19,20,cycling
P19,20,walking
P19,20,sedentary
P19,20,sedentary
P19,20,sedentary
P19,21,walking
P19,21,running
P19,21,cycling
P19,21,cycling
P19,21,running
P19,21,sedentary
P19,22,walking
P19,22,sedentary
P19,22,walking
P19,22,sedentary
P19,22,walking
P19,22,sedentary
P19,22,running
P19,22,sedentary
P19,22,sedentary
P19,22,walking
P19,22,walking
P19,23,sedentary
P19,23,running
P19,23,walking
P19,23,cycling
P19,23,cycling
P19,23,sedentary
P19,23,running
P19,23,walking
P19,23,running
P19,23,sedentary
P19,23,cycling
P19,24,running
P19,24,walking
P19,24,walking
P19,24,walking
P19,24,running
P19,25,walking
P19,25,walking
P19,25,walking
P19,25,walking
P19,25,running
P19,25,walking
P19,25,walking
P19,25,sedentary
P19,26,walking
P19,26,walking
P19,26,running
P19,26,walking
P19,26,walking
P19,27,walking
P19,27,cycling
P19,27,walking
P19,27,cycling
P19,27,running
P19,27,running
P19,27,walking
P19,27,cycling
P19,28,walking
P19,28,walking
P19,28,running
P19,28,sedentary
P19,28,sedentary
P19,28,cycling
P19,28,walking
P19,28,cycling
P19,28,walking
P19,28,running
P19,28,walking
P19,28,walking
P19,29,running
P19,29,walking
P19,29,walking
P19,29,sedentary
P19,29,cycling
P19,29,walking
P19,29,walking
P19,29,walking
P19,29,sedentary
P19,29,running
P19,29,running
P19,29,running
P19,29,walking
P19,30,running
P19,30,walking
P19,30,walking
P19,30,running
P19,30,sedentary
P19,30,walking
P19,30,sedentary
P19,30,sedentary
P19,30,walking
P19,30,walking
P19,30,walking
P19,30,cycling
P19,30,walking
P20,1,walking
P20,1,walking
P20,1,running
P20,1,cycling
P20,1,sedentary
P20,1,sedentary
P20,1,sedentary
P20,1,walking
P20,1,walking
P20,1,walking
P20,1,cycling
P20,1,walking
P20,1,sedentary
P20,1,running
P20,2,sedentary
P20,2,walking
P20,2,running
P20,2,cycling
P20,2,walking
P20,2,walking
P20,3,sedentary
P20,3,sedentary
P20,3,running
P20,3,sedentary
P20,3,walking
P20,3,walking
P20,4,cycling
P20,4,walking
P20,4,sedentary
P20,4,walking
P20,4,walking
P20,4,walking
P20,4,walking
P20,4,walking
P20,5,walking
P20,5,walking
P20,5,walking
P20,5,walking
P20,5,walking
P20,5,running
P20,5,walking
P20,5,walking
P20,6,sedentary
P20,6,walking
P20,6,walking
P20,6,sedentary
P20,6,walking
P20,6,sedentary
P20,6,walking
P20,6,cycling
P20,7,walking
P20,7,walking
P20,7,walking
P20,7,sedentary
P20,7,cycling
P20,7,walking
P20,7,running
P20,7,running
P20,8,walking
P20,8,sedentary
P20,8,walking
P20,8,cycling
P20,8,walking
P20,9,walking
P20,9,cycling
P20,9,walking
P20,9,sedentary
P20,9,sedentary
P20,9,walking
P20,9,walking
P20,9,walking
P20,9,running
P20,9,cycling
P20,9,walking
P20,10,walking
P20,10,walking
P20,10,walking
P20,10,walking
P20,10,walking
P20,10,walking
P20,10,sedentary
P20,10,sedentary
P20,10,walking
P20,10,walking
P20,10,walking
P20,10,walking
P20,10,running
P20,10,walking
P20,11,sedentary
P20,11,sedentary
P20,11,walking
P20,11,walking
P20,11,walking
P20,11,walking
P20,12,running
P20,12,sedentary
P20,12,sedentary
P20,12,cycling
P20,12,walking
P20,12,running
P20,12,sedentary
P20,12,walking
P20,12,running
P20,13,sedentary
P20,13,running
P20,13,walking
P20,13,sedentary
P20,13,walking
P20,13,walking
P20,14,cycling
P20,14,walking
P20,14,sedentary
P20,14,walking
P20,14,walking
P20,14,sedentary
P20,14,sedentary
P20,14,cycling
P20,15,running
P20,15,sedentary
P20,15,cycling
P20,15,walking
P20,15,sedentary
P20,15,walking
P20,15,walking
P20,15,running
P20,15,walking
P20,15,walking
P20,15,walking
P20,16,walking
P20,16,walking
P20,16,sedentary
P20,16,running
P20,16,walking
P20,16,running
P20,16,cycling
P20,16,walking
P20,16,sedentary
P20,16,running
P20,16,running
P20,16,running
P20,16,cycling
P20,17,walking
P20,17,walking
P20,17,sedentary
P20,17,cycling
P20,17,walking
P20,17,walking
P20,17,walking
P20,17,cycling
P20,17,running
P20,17,sedentary
P20,17,walking
P20,17,walking
P20,18,running
P20,18,running
P20,18,walking
P20,18,walking
P20,18,sedentary
P20,18,sedentary
P20,18,sedentary
P20,18,running
P20,18,walking
P20,18,walking
P20,18,walking
P20,19,cycling
P20,19,walking
P20,19,walking
P20,19,sedentary
P20,19,walking
P20,20,running
P20,20,walking
P20,20,walking
P20,20,walking
P20,20,running
P20,21,cycling
P20,21,walking
P20,21,walking
P20,21,walking
P20,21,sedentary
P20,22,cycling
P20,22,sedentary
P20,22,running
P20,22,walking
P20,22,running
P20,23,sedentary
P20,23,cycling
P20,23,running
P20,23,running
P20,23,sedentary
P20,23,sedentary
P20,23,walking
P20,23,sedentary
P20,23,walking
P20,23,walking
P20,23,cycling
P20,23,walking
P20,23,sedentary
P20,23,walking
P20,24,walking
P20,24,sedentary
P20,24,walking
P20,24,walking
P20,24,walking
P20,24,cycling
P20,24,walking
P20,24,running
P20,24,running
P20,25,walking
P20,25,walking
P20,25,sedentary
P20,25,walking
P20,25,walking
P20,25,walking
P20,26,walking
P20,26,walking
P20,26,sedentary
P20,26,sedentary
P20,26,sedentary
P20,26,walking
P20,26,walking
P20,26,cycling
P20,26,walking
P20,26,sedentary
P20,27,walking
P20,27,sedentary
P20,27,sedentary
P20,27,walking
P20,27,running
P20,27,walking
P20,27,walking
P20,27,walking
P20,27,running
P20,27,sedentary
P20,27,running
P20,28,walking
P20,28,walking
P20,28,walking
P20,28,running
P20,28,walking
P20,28,running
P20,28,cycling
P20,28,walking
P20,28,walking
P20,29,walking
P20,29,running
P20,29,sedentary
P20,29,sedentary
P20,29,walking
P20,29,walking
P20,29,walking
P20,29,running
P20,29,running
P20,29,sedentary
P20,29,sedentary
P20,29,walking
P20,29,running
P20,29,sedentary
P20,30,walking
P20,30,sedentary
P20,30,running
P20,30,running
P20,30,cycling
P20,30,sedentary
P20,30,cycling
P20,30,sedentary
P20,30,sedentary
P20,30,walking
P20,30,walking
P20,30,sedentary
P20,30,walking
P20,30,sedentary
